t_ms,L_q0,L_q1,L_q2,L_q3,L_heel1,L_mid1,L_fore1,L_heel2,L_fore3,L_mid2,L_fore4,L_fore2,L_cadence,L_speed,L_steps,L_zupt,L_gyroNorm,L_accH,L_gyro_x,L_gyro_y,L_gyro_z,L_acc_x,L_acc_y,L_acc_z,L_nav_ax,L_nav_ay,L_nav_az,L_stepVel,L_stepVelj,L_stepDispRaw,L_stepDispZUPT,L_gaitEvent,L_motorMode,L_motorActive,L_motorAlignment,L_motorRegionMask,L_motorAmplitude,L_motorIntervalMs,L_motorDurationMs,L_motorPhaseMs,L_motorCycleMs,L_roll,L_pitch,L_yaw,L_relativeRoll,L_relativePitch,L_relativeYaw
2189.799,0.968,-0.199,-0.047,0.146,55,93,62,42,38,0,61,21,0,0.000,0,0,0.379,4.154,0.360,0.120,0.000,0.004,-0.025,1.003,0.316,-4.142,-0.882,0.000,0.000,0.000,0.000,0,0,0,0,7,255,0,250,0,0,-22.023,-8.509,-15.480,-22.023,-8.509,-15.480
2194.801,0.968,-0.198,-0.046,0.146,80,85,61,67,43,0,51,29,0,0.000,0,0,1.049,4.150,1.040,-0.060,0.120,0.003,-0.017,1.003,0.292,-4.140,-0.842,0.000,0.000,0.000,0.000,0,0,0,0,7,255,0,250,0,0,-21.905,-8.468,-15.496,-21.905,-8.468,-15.496
2199.799,0.969,-0.194,-0.046,0.146,67,66,53,33,49,0,67,24,0,0.000,0,0,0.384,4.063,0.360,-0.120,0.060,0.005,-0.013,0.991,0.292,-4.052,-0.882,0.000,0.000,0.000,0.000,0,0,0,0,7,255,0,250,0,0,-21.558,-8.352,-15.543,-21.558,-8.352,-15.543
2204.799,0.970,-0.191,-0.045,0.146,89,91,48,60,35,0,31,23,0,0.000,0,0,0.306,3.993,-0.300,0.000,0.060,0.006,-0.019,1.009,0.316,-3.980,-0.842,0.000,0.000,0.000,0.000,0,0,0,0,7,255,0,250,0,0,-21.211,-8.236,-15.589,-21.211,-8.236,-15.589
2209.799,0.970,-0.188,-0.044,0.146,51,93,55,51,37,0,56,16,0,0.000,0,0,0.355,3.967,0.180,0.300,-0.060,0.004,-0.022,1.009,0.316,-3.954,-0.754,0.000,0.000,0.000,0.000,0,0,0,0,7,255,0,250,0,0,-20.867,-8.123,-15.633,-20.867,-8.123,-15.633
2214.799,0.971,-0.185,-0.044,0.146,62,64,88,45,26,5,64,57,0,0.000,0,0,0.632,3.964,0.620,0.120,0.000,0.001,-0.018,0.998,0.284,-3.954,-0.754,0.000,0.000,0.000,0.000,0,0,0,0,7,255,0,250,0,0,-20.526,-8.011,-15.676,-20.526,-8.011,-15.676
2219.799,0.971,-0.182,-0.043,0.146,67,91,88,31,49,0,53,18,0,0.000,0,0,0.437,3.821,0.360,-0.240,-0.060,0.004,-0.015,0.998,0.284,-3.810,-0.768,0.000,0.000,0.000,0.000,0,0,0,0,7,255,0,250,0,0,-20.190,-7.897,-15.718,-20.190,-7.897,-15.718
2224.799,0.972,-0.180,-0.043,0.146,75,68,78,67,17,0,45,43,0,0.000,0,0,0.147,3.750,0.060,-0.120,0.060,0.008,-0.018,1.005,0.296,-3.738,-0.768,0.000,0.000,0.000,0.000,0,0,0,0,7,255,0,250,0,0,-19.860,-7.784,-15.760,-19.860,-7.784,-15.760
2229.799,0.972,-0.177,-0.042,0.146,73,101,59,41,47,0,47,7,0,0.000,0,0,0.355,3.748,0.180,0.300,0.060,0.006,-0.018,1.006,0.298,-3.736,-0.692,0.000,0.000,0.000,0.000,0,0,0,0,7,255,0,250,0,0,-19.536,-7.673,-15.800,-19.536,-7.673,-15.800
2234.801,0.973,-0.174,-0.041,0.146,91,75,83,73,11,0,38,48,0,0.000,0,0,0.300,3.700,0.180,0.240,0.000,0.001,-0.019,1.005,0.298,-3.688,-0.656,0.000,0.000,0.000,0.000,0,0,0,0,7,255,0,250,0,0,-19.215,-7.567,-15.838,-19.215,-7.567,-15.838
2239.799,0.973,-0.171,-0.041,0.147,83,99,51,58,20,0,41,37,0,0.000,0,0,0.384,3.634,0.360,-0.120,-0.060,0.003,-0.020,0.996,0.264,-3.624,-0.656,0.000,0.000,0.000,0.000,0,0,0,0,7,255,0,250,0,0,-18.897,-7.460,-15.875,-18.897,-7.460,-15.875
2244.799,0.974,-0.168,-0.040,0.147,88,85,76,63,20,0,47,45,0,0.000,0,0,0.384,3.562,0.360,-0.120,0.060,0.006,-0.018,1.000,0.264,-3.552,-0.650,0.000,0.000,0.000,0.000,0,0,0,0,7,255,0,250,0,0,-18.581,-7.351,-15.912,-18.581,-7.351,-15.912
2249.799,0.974,-0.166,-0.040,0.147,76,91,59,69,33,7,33,19,0,0.000,0,0,0.170,3.514,0.120,0.120,0.000,0.006,-0.018,1.008,0.290,-3.502,-0.650,0.000,0.000,0.000,0.000,0,0,0,0,7,255,0,250,0,0,-18.279,-7.247,-15.947,-18.279,-7.247,-15.947
2254.799,0.975,-0.163,-0.039,0.147,51,85,56,37,36,0,59,17,0,0.000,0,0,0.339,3.492,0.240,0.240,0.000,0.004,-0.019,1.004,0.290,-3.480,-0.570,0.000,0.000,0.000,0.000,0,0,0,0,7,255,0,250,0,0,-17.976,-7.143,-15.981,-17.976,-7.143,-15.981
2259.799,0.975,-0.160,-0.039,0.147,87,92,53,64,41,12,39,28,0,0.000,0,0,0.370,3.428,0.360,0.060,0.060,0.002,-0.020,1.001,0.266,-3.418,-0.570,0.000,0.000,0.000,0.000,0,0,0,0,7,255,0,250,0,0,-17.673,-7.042,-16.014,-17.673,-7.042,-16.014
2264.799,0.976,-0.158,-0.038,0.147,73,59,82,63,11,0,52,44,0,0.000,0,0,0.441,3.375,0.420,-0.120,0.060,0.005,-0.018,0.996,0.266,-3.364,-0.586,0.000,0.000,0.000,0.000,0,0,0,0,7,255,0,250,0,0,-17.379,-6.940,-16.047,-17.379,-6.940,-16.047
2269.799,0.976,-0.155,-0.038,0.147,48,60,83,71,30,0,71,46,0,0.000,0,0,0.255,3.301,0.240,0.060,0.060,0.006,-0.017,1.003,0.268,-3.290,-0.586,0.000,0.000,0.000,0.000,0,0,0,0,7,255,0,250,0,0,-17.091,-6.838,-16.078,-17.091,-6.838,-16.078
2274.799,0.977,-0.153,-0.037,0.147,55,90,52,51,31,0,37,15,0,0.000,0,0,0.255,3.263,0.180,0.180,0.000,0.005,-0.017,1.007,0.270,-3.252,-0.522,0.000,0.000,0.000,0.000,0,0,0,0,7,255,0,250,0,0,-16.810,-6.740,-16.109,-16.810,-6.740,-16.109
2279.799,0.977,-0.150,-0.037,0.147,54,61,92,65,17,0,44,58,0,0.000,0,0,0.199,3.229,0.180,0.060,-0.060,0.003,-0.021,1.004,0.270,-3.218,-0.490,0.000,0.000,0.000,0.000,0,0,0,0,7,255,0,250,0,0,-16.528,-6.644,-16.138,-16.528,-6.644,-16.138
2284.799,0.977,-0.148,-0.036,0.147,77,80,61,73,22,0,29,54,0,0.000,0,0,0.480,3.201,0.480,0.000,0.000,0.004,-0.020,0.999,0.246,-3.192,-0.490,0.000,0.000,0.000,0.000,0,0,0,0,7,255,0,250,0,0,-16.247,-6.547,-16.166,-16.247,-6.547,-16.166
2289.799,0.978,-0.145,-0.036,0.147,45,71,83,55,28,0,67,49,0,0.000,0,0,0.424,3.126,0.420,-0.060,0.000,0.006,-0.017,1.001,0.246,-3.116,-0.490,0.000,0.000,0.000,0.000,0,0,0,0,7,255,0,250,0,0,-15.974,-6.449,-16.195,-15.974,-6.449,-16.195
2294.801,0.978,-0.143,-0.035,0.147,105,103,71,71,26,0,31,37,0,0.000,0,0,0.170,3.067,0.120,0.120,0.000,0.005,-0.017,1.006,0.260,-3.056,-0.480,0.000,0.000,0.000,0.000,0,0,0,0,7,255,0,250,0,0,-15.709,-6.355,-16.222,-15.709,-6.355,-16.222
2299.799,0.978,-0.140,-0.035,0.147,91,69,91,57,15,0,51,52,0,0.000,0,0,0.170,3.031,0.120,0.120,0.000,0.005,-0.019,1.005,0.260,-3.020,-0.418,0.000,0.000,0.000,0.000,0,0,0,0,7,255,0,250,0,0,-15.446,-6.262,-16.248,-15.446,-6.262,-16.248
2304.799,0.979,-0.138,-0.034,0.147,52,82,71,33,43,11,56,11,0,0.000,0,0,0.240,3.003,0.240,0.000,0.000,0.005,-0.020,1.003,0.256,-2.992,-0.418,0.000,0.000,0.000,0.000,0,0,0,0,7,255,0,250,0,0,-15.184,-6.169,-16.273,-15.184,-6.169,-16.273
2309.799,0.979,-0.136,-0.034,0.147,71,93,85,44,51,0,61,25,0,0.000,0,0,0.420,2.961,0.420,0.000,0.000,0.005,-0.020,1.000,0.250,-2.950,-0.426,0.000,0.000,0.000,0.000,0,0,0,0,7,255,0,250,0,0,-14.924,-6.077,-16.298,-14.924,-6.077,-16.298
2314.799,0.979,-0.134,-0.033,0.147,58,58,95,43,25,0,67,43,0,0.000,0,0,0.300,2.911,0.300,0.000,0.000,0.006,-0.018,1.002,0.250,-2.900,-0.426,0.000,0.000,0.000,0.000,0,0,0,0,7,255,0,250,0,0,-14.671,-5.986,-16.322,-14.671,-5.986,-16.322
2319.799,0.980,-0.131,-0.033,0.147,64,77,81,67,23,0,53,57,0,0.000,0,0,0.224,2.853,0.180,0.120,0.060,0.005,-0.018,1.005,0.250,-2.842,-0.402,0.000,0.000,0.000,0.000,0,0,0,0,7,255,0,250,0,0,-14.425,-5.897,-16.346,-14.425,-5.897,-16.346
2324.799,0.980,-0.129,-0.032,0.147,77,73,69,74,10,0,38,51,0,0.000,0,0,0.190,2.817,0.180,0.060,0.000,0.003,-0.019,1.004,0.250,-2.806,-0.362,0.000,0.000,0.000,0.000,0,0,0,0,7,255,0,250,0,0,-14.180,-5.811,-16.368,-14.180,-5.811,-16.368
2329.799,0.980,-0.127,-0.032,0.147,85,91,55,63,13,0,36,43,0,0.000,0,0,0.300,2.779,0.300,0.000,0.000,0.006,-0.020,1.001,0.242,-2.768,-0.362,0.000,0.000,0.000,0.000,0,0,0,0,7,255,0,250,0,0,-13.936,-5.723,-16.390,-13.936,-5.723,-16.390
2334.801,0.981,-0.125,-0.031,0.147,64,88,84,71,18,0,59,45,0,0.000,0,0,0.312,2.740,0.300,-0.060,0.060,0.005,-0.018,1.002,0.236,-2.730,-0.360,0.000,0.000,0.000,0.000,0,0,0,0,7,255,0,250,0,0,-13.699,-5.638,-16.411,-13.699,-5.638,-16.411
2339.799,0.981,-0.123,-0.031,0.147,45,69,91,37,44,0,60,24,0,0.000,0,0,0.247,2.682,0.240,0.060,0.000,0.005,-0.019,1.003,0.236,-2.672,-0.348,0.000,0.000,0.000,0.000,0,0,0,0,7,255,0,250,0,0,-13.465,-5.553,-16.431,-13.465,-5.553,-16.431
2344.799,0.981,-0.121,-0.030,0.147,49,59,90,46,27,22,71,55,0,0.000,0,0,0.312,2.656,0.300,0.060,-0.060,0.005,-0.019,1.003,0.232,-2.646,-0.330,0.000,0.000,0.000,0.000,0,0,0,0,7,255,0,250,0,0,-13.235,-5.470,-16.451,-13.235,-5.470,-16.451
2349.799,0.981,-0.119,-0.030,0.147,91,101,81,60,26,0,33,49,0,0.000,0,0,0.365,2.618,0.360,0.060,0.000,0.005,-0.019,1.001,0.230,-2.608,-0.326,0.000,0.000,0.000,0.000,0,0,0,0,7,255,0,250,0,0,-13.007,-5.387,-16.471,-13.007,-5.387,-16.471
2354.799,0.982,-0.117,-0.030,0.147,69,91,51,35,29,0,45,8,0,0.000,0,0,0.300,2.566,0.300,0.000,0.000,0.005,-0.018,1.001,0.230,-2.556,-0.320,0.000,0.000,0.000,0.000,0,0,0,0,7,255,0,250,0,0,-12.782,-5.305,-16.489,-12.782,-5.305,-16.489
2359.799,0.982,-0.115,-0.029,0.147,85,95,75,61,37,0,45,47,0,0.000,0,0,0.180,2.524,0.180,0.000,0.000,0.005,-0.020,1.004,0.226,-2.514,-0.318,0.000,0.000,0.000,0.000,0,0,0,0,7,255,0,250,0,0,-12.562,-5.225,-16.508,-12.562,-5.225,-16.508
2364.800,0.982,-0.113,-0.029,0.148,87,74,75,73,20,0,35,53,0,0.000,0,0,0.190,2.504,0.180,0.060,0.000,0.004,-0.019,1.003,0.224,-2.494,-0.284,0.000,0.000,0.000,0.000,0,0,0,0,7,255,0,250,0,0,-12.346,-5.147,-16.525,-12.346,-5.147,-16.525
2369.799,0.982,-0.111,-0.028,0.148,77,76,77,84,25,0,55,56,0,0.000,0,0,0.300,2.454,0.300,0.000,0.000,0.004,-0.019,1.002,0.216,-2.444,-0.276,0.000,0.000,0.000,0.000,0,0,0,0,7,255,0,250,0,0,-12.133,-5.070,-16.542,-12.133,-5.070,-16.542
2374.799,0.983,-0.109,-0.028,0.148,75,73,85,82,27,0,76,44,0,0.000,0,0,0.360,2.412,0.360,0.000,0.000,0.005,-0.018,1.001,0.216,-2.402,-0.274,0.000,0.000,0.000,0.000,0,0,0,0,7,255,0,250,0,0,-11.923,-4.993,-16.558,-11.923,-4.993,-16.558
2379.799,0.983,-0.107,-0.028,0.148,53,95,57,47,33,16,29,17,0,0.000,0,0,0.240,2.368,0.240,0.000,0.000,0.005,-0.017,1.002,0.218,-2.358,-0.274,0.000,0.000,0.000,0.000,0,0,0,0,7,255,0,250,0,0,-11.717,-4.917,-16.574,-11.717,-4.917,-16.574
2384.799,0.983,-0.105,-0.027,0.148,61,85,91,39,30,2,69,19,0,0.000,0,0,0.134,2.328,0.120,0.060,0.000,0.005,-0.019,1.005,0.218,-2.318,-0.254,0.000,0.000,0.000,0.000,0,0,0,0,7,255,0,250,0,0,-11.515,-4.842,-16.590,-11.515,-4.842,-16.590
2389.799,0.983,-0.103,-0.027,0.148,89,69,86,60,26,5,51,55,0,0.000,0,0,0.224,2.316,0.180,0.120,0.060,0.004,-0.019,1.004,0.210,-2.306,-0.226,0.000,0.000,0.000,0.000,0,0,0,0,7,255,0,250,0,0,-11.315,-4.769,-16.604,-11.315,-4.769,-16.604
2394.801,0.983,-0.102,-0.026,0.148,79,88,53,31,41,0,54,21,0,0.000,0,0,0.365,2.277,0.360,0.060,0.000,0.004,-0.019,1.000,0.204,-2.268,-0.226,0.000,0.000,0.000,0.000,0,0,0,0,7,255,0,250,0,0,-11.117,-4.697,-16.619,-11.117,-4.697,-16.619
2399.799,0.984,-0.100,-0.026,0.148,75,81,88,60,23,0,41,54,0,0.000,0,0,0.360,2.229,0.360,0.000,0.000,0.004,-0.017,1.002,0.200,-2.220,-0.226,0.000,0.000,0.000,0.000,0,0,0,0,7,255,0,250,0,0,-10.924,-4.625,-16.633,-10.924,-4.625,-16.633
2404.799,0.984,-0.098,-0.026,0.148,74,57,77,57,10,0,43,46,0,0.000,0,0,0.190,2.179,0.180,0.060,0.000,0.005,-0.018,1.004,0.200,-2.170,-0.224,0.000,0.000,0.000,0.000,0,0,0,0,7,255,0,250,0,0,-10.734,-4.554,-16.646,-10.734,-4.554,-16.646
2409.799,0.984,-0.097,-0.025,0.148,46,60,57,41,35,3,75,13,0,0.000,0,0,0.190,2.163,0.180,0.060,0.000,0.005,-0.020,1.005,0.200,-2.154,-0.200,0.000,0.000,0.000,0.000,0,0,0,0,7,255,0,250,0,0,-10.546,-4.485,-16.659,-10.546,-4.485,-16.659
2414.799,0.984,-0.095,-0.025,0.148,99,105,67,59,9,16,29,54,0,0.000,0,0,0.255,2.153,0.240,0.060,0.060,0.004,-0.019,1.003,0.200,-2.144,-0.198,0.000,0.000,0.000,0.000,0,0,0,0,7,255,0,250,0,0,-10.361,-4.416,-16.672,-10.361,-4.416,-16.672
2419.799,0.984,-0.093,-0.025,0.148,89,93,54,73,19,0,48,51,0,0.000,0,0,0.306,2.105,0.300,0.000,0.060,0.004,-0.018,1.002,0.192,-2.096,-0.198,0.000,0.000,0.000,0.000,0,0,0,0,7,255,0,250,0,0,-10.179,-4.349,-16.684,-10.179,-4.349,-16.684
2424.799,0.984,-0.092,-0.024,0.148,57,77,83,73,21,0,45,43,0,0.000,0,0,0.199,2.061,0.180,0.060,0.060,0.005,-0.018,1.002,0.192,-2.052,-0.198,0.000,0.000,0.000,0.000,0,0,0,0,7,255,0,250,0,0,-9.999,-4.281,-16.696,-9.999,-4.281,-16.696
2429.799,0.985,-0.090,-0.024,0.148,47,83,71,42,45,0,83,10,0,0.000,0,0,0.216,2.027,0.180,0.120,0.000,0.006,-0.018,1.003,0.196,-2.018,-0.190,0.000,0.000,0.000,0.000,0,0,0,0,7,255,0,250,0,0,-9.824,-4.214,-16.708,-9.824,-4.214,-16.708
2434.801,0.985,-0.088,-0.023,0.148,81,85,59,61,13,0,39,40,0,0.000,0,0,0.323,2.008,0.300,0.120,0.000,0.004,-0.020,1.003,0.196,-1.998,-0.172,0.000,0.000,0.000,0.000,0,0,0,0,7,255,0,250,0,0,-9.649,-4.150,-16.719,-9.649,-4.150,-16.719
2439.799,0.985,-0.087,-0.023,0.148,89,68,72,71,22,0,69,40,0,0.000,0,0,0.300,1.986,0.300,0.000,0.000,0.003,-0.016,1.002,0.182,-1.978,-0.166,0.000,0.000,0.000,0.000,0,0,0,0,7,255,0,250,0,0,-9.480,-4.086,-16.730,-9.480,-4.086,-16.730
2444.799,0.985,-0.085,-0.023,0.148,71,85,76,69,21,0,33,41,0,0.000,0,0,0.360,1.917,0.360,0.000,0.000,0.004,-0.018,1.002,0.182,-1.908,-0.164,0.000,0.000,0.000,0.000,0,0,0,0,7,255,0,250,0,0,-9.312,-4.023,-16.740,-9.312,-4.023,-16.740
2449.799,0.985,-0.084,-0.022,0.148,79,80,60,63,22,7,51,57,0,0.000,0,0,0.306,1.907,0.300,0.060,0.000,0.005,-0.017,1.003,0.182,-1.898,-0.162,0.000,0.000,0.000,0.000,0,0,0,0,7,255,0,250,0,0,-9.147,-3.960,-16.751,-9.147,-3.960,-16.751
2454.799,0.985,-0.082,-0.022,0.148,42,61,103,57,27,0,69,45,0,0.000,0,0,0.247,1.873,0.240,0.060,0.000,0.004,-0.018,1.002,0.182,-1.864,-0.150,0.000,0.000,0.000,0.000,0,0,0,0,7,255,0,250,0,0,-8.984,-3.899,-16.760,-8.984,-3.899,-16.760
2459.799,0.985,-0.081,-0.022,0.148,43,64,59,43,50,1,63,24,0,0.000,0,0,0.247,1.846,0.240,0.060,0.000,0.004,-0.018,1.002,0.176,-1.838,-0.148,0.000,0.000,0.000,0.000,0,0,0,0,7,255,0,250,0,0,-8.823,-3.839,-16.770,-8.823,-3.839,-16.770
2464.799,0.986,-0.079,-0.022,0.148,71,87,53,30,0,0,31,12,0,0.000,0,0,0.180,1.818,0.180,0.000,0.000,0.004,-0.019,1.002,0.174,-1.810,-0.148,0.000,0.000,0.000,0.000,0,0,0,0,7,255,0,250,0,0,-8.665,-3.779,-16.779,-8.665,-3.779,-16.779
2469.799,0.986,-0.078,-0.021,0.148,59,100,64,37,33,11,59,25,0,0.000,0,0,0.247,1.801,0.240,0.060,0.000,0.005,-0.018,1.002,0.176,-1.792,-0.140,0.000,0.000,0.000,0.000,0,0,0,0,7,255,0,250,0,0,-8.510,-3.720,-16.788,-8.510,-3.720,-16.788
2474.799,0.986,-0.077,-0.021,0.148,77,77,59,75,9,0,38,39,0,0.000,0,0,0.329,1.760,0.300,0.120,-0.060,0.003,-0.017,1.003,0.172,-1.752,-0.134,0.000,0.000,0.000,0.000,0,0,0,0,7,255,0,250,0,0,-8.358,-3.663,-16.797,-8.358,-3.663,-16.797
2479.799,0.986,-0.075,-0.021,0.148,53,61,85,75,20,1,75,44,0,0.000,0,0,0.268,1.724,0.240,0.120,0.000,0.004,-0.018,1.002,0.170,-1.716,-0.124,0.000,0.000,0.000,0.000,0,0,0,0,7,255,0,250,0,0,-8.208,-3.605,-16.805,-8.208,-3.605,-16.805
2484.799,0.986,-0.074,-0.020,0.148,56,65,80,59,19,0,79,30,0,0.000,0,0,0.255,1.704,0.240,0.060,0.060,0.004,-0.018,1.001,0.168,-1.696,-0.124,0.000,0.000,0.000,0.000,0,0,0,0,7,255,0,250,0,0,-8.059,-3.549,-16.813,-8.059,-3.549,-16.813
2489.799,0.986,-0.073,-0.020,0.148,79,93,71,71,16,0,36,33,0,0.000,0,0,0.306,1.676,0.300,0.060,0.000,0.004,-0.020,1.002,0.168,-1.668,-0.124,0.000,0.000,0.000,0.000,0,0,0,0,7,255,0,250,0,0,-7.912,-3.493,-16.821,-7.912,-3.493,-16.821
2494.801,0.986,-0.071,-0.020,0.148,78,85,59,71,0,0,43,71,0,0.000,0,0,0.216,1.668,0.180,0.120,0.000,0.005,-0.019,1.003,0.166,-1.660,-0.116,0.000,0.000,0.000,0.000,0,0,0,0,7,255,0,250,0,0,-7.768,-3.438,-16.829,-7.768,-3.438,-16.829
2499.799,0.986,-0.070,-0.019,0.148,77,105,57,60,43,0,42,18,0,0.000,0,0,0.300,1.636,0.300,0.000,0.000,0.004,-0.019,1.003,0.160,-1.628,-0.102,0.000,0.000,0.000,0.000,0,0,0,0,7,255,0,250,0,0,-7.627,-3.384,-16.836,-7.627,-3.384,-16.836
2504.799,0.986,-0.069,-0.019,0.148,51,61,78,39,22,0,76,39,0,0.000,0,0,0.255,1.608,0.240,0.060,0.060,0.005,-0.019,1.002,0.162,-1.600,-0.102,0.000,0.000,0.000,0.000,0,0,0,0,7,255,0,250,0,0,-7.487,-3.330,-16.843,-7.487,-3.330,-16.843
2509.799,0.987,-0.068,-0.019,0.148,83,102,45,60,63,0,47,31,0,0.000,0,0,0.255,1.584,0.240,0.060,0.060,0.004,-0.019,1.001,0.160,-1.576,-0.102,0.000,0.000,0.000,0.000,0,0,0,0,7,255,0,250,0,0,-7.349,-3.278,-16.850,-7.349,-3.278,-16.850
2514.799,0.987,-0.066,-0.019,0.148,77,88,53,41,30,0,77,20,0,0.000,0,0,0.306,1.556,0.300,0.060,0.000,0.004,-0.019,1.002,0.154,-1.548,-0.102,0.000,0.000,0.000,0.000,0,0,0,0,7,255,0,250,0,0,-7.214,-3.226,-16.856,-7.214,-3.226,-16.856
2519.799,0.987,-0.065,-0.018,0.148,53,74,89,51,30,1,73,31,0,0.000,0,0,0.190,1.538,0.180,0.000,0.060,0.004,-0.019,1.003,0.154,-1.530,-0.096,0.000,0.000,0.000,0.000,0,0,0,0,7,255,0,250,0,0,-7.081,-3.175,-16.863,-7.081,-3.175,-16.863
2524.799,0.987,-0.064,-0.018,0.148,53,71,77,43,18,0,43,25,0,0.000,0,0,0.199,1.510,0.180,0.060,0.060,0.005,-0.019,1.002,0.154,-1.502,-0.088,0.000,0.000,0.000,0.000,0,0,0,0,7,255,0,250,0,0,-6.949,-3.124,-16.869,-6.949,-3.124,-16.869
2529.799,0.987,-0.063,-0.018,0.148,73,75,85,67,20,0,63,51,0,0.000,0,0,0.300,1.492,0.300,0.000,0.000,0.005,-0.020,1.002,0.154,-1.484,-0.088,0.000,0.000,0.000,0.000,0,0,0,0,7,255,0,250,0,0,-6.819,-3.074,-16.875,-6.819,-3.074,-16.875
2534.801,0.987,-0.062,-0.017,0.148,83,94,57,40,30,0,62,9,0,0.000,0,0,0.306,1.472,0.300,0.000,0.060,0.004,-0.019,1.003,0.152,-1.464,-0.088,0.000,0.000,0.000,0.000,0,0,0,0,7,255,0,250,0,0,-6.692,-3.025,-16.881,-6.692,-3.025,-16.881
2539.799,0.987,-0.060,-0.017,0.148,59,75,81,57,41,7,71,57,0,0.000,0,0,0.312,1.440,0.300,0.060,-0.060,0.005,-0.018,1.002,0.152,-1.432,-0.076,0.000,0.000,0.000,0.000,0,0,0,0,7,255,0,250,0,0,-6.568,-2.976,-16.887,-6.568,-2.976,-16.887
2544.799,0.987,-0.059,-0.017,0.148,72,60,57,63,10,0,30,41,0,0.000,0,0,0.255,1.414,0.240,0.060,-0.060,0.004,-0.018,1.002,0.148,-1.406,-0.076,0.000,0.000,0.000,0.000,0,0,0,0,7,255,0,250,0,0,-6.445,-2.929,-16.892,-6.445,-2.929,-16.892
2549.799,0.987,-0.058,-0.017,0.148,82,115,59,62,33,0,43,26,0,0.000,0,0,0.255,1.388,0.240,0.060,0.060,0.005,-0.019,1.002,0.148,-1.380,-0.076,0.000,0.000,0.000,0.000,0,0,0,0,7,255,0,250,0,0,-6.324,-2.881,-16.897,-6.324,-2.881,-16.897
2554.799,0.987,-0.057,-0.016,0.148,77,102,58,43,0,3,31,19,0,0.000,0,0,0.306,1.372,0.300,0.060,0.000,0.004,-0.018,1.001,0.146,-1.364,-0.076,0.000,0.000,0.000,0.000,0,0,0,0,7,255,0,250,0,0,-6.205,-2.835,-16.902,-6.205,-2.835,-16.902
2559.799,0.987,-0.056,-0.016,0.148,86,103,76,64,21,0,40,48,0,0.000,0,0,0.247,1.340,0.240,0.000,0.060,0.005,-0.020,1.003,0.142,-1.332,-0.076,0.000,0.000,0.000,0.000,0,0,0,0,7,255,0,250,0,0,-6.087,-2.789,-16.907,-6.087,-2.789,-16.907
2564.800,0.987,-0.055,-0.016,0.148,81,105,69,47,42,0,58,25,0,0.000,0,0,0.240,1.338,0.240,0.000,0.000,0.005,-0.018,1.003,0.142,-1.330,-0.056,0.000,0.000,0.000,0.000,0,0,0,0,7,255,0,250,0,0,-5.973,-2.744,-16.912,-5.973,-2.744,-16.912
2569.799,0.987,-0.054,-0.016,0.148,87,103,47,75,13,0,41,11,0,0.000,0,0,0.255,1.306,0.240,0.060,0.060,0.004,-0.018,1.001,0.142,-1.298,-0.056,0.000,0.000,0.000,0.000,0,0,0,0,7,255,0,250,0,0,-5.859,-2.700,-16.917,-5.859,-2.700,-16.917
2574.799,0.987,-0.053,-0.016,0.148,75,61,63,77,20,0,33,31,0,0.000,0,0,0.306,1.282,0.300,0.060,0.000,0.005,-0.018,1.003,0.142,-1.274,-0.056,0.000,0.000,0.000,0.000,0,0,0,0,7,255,0,250,0,0,-5.748,-2.656,-16.921,-5.748,-2.656,-16.921
2579.799,0.987,-0.052,-0.015,0.148,64,57,83,49,25,5,57,51,0,0.000,0,0,0.323,1.260,0.300,0.120,0.000,0.005,-0.019,1.003,0.138,-1.252,-0.046,0.000,0.000,0.000,0.000,0,0,0,0,7,255,0,250,0,0,-5.638,-2.612,-16.926,-5.638,-2.612,-16.926
2584.799,0.988,-0.051,-0.015,0.148,73,76,59,64,15,0,56,43,0,0.000,0,0,0.247,1.253,0.240,0.060,0.000,0.005,-0.019,1.003,0.136,-1.246,-0.046,0.000,0.000,0.000,0.000,0,0,0,0,7,255,0,250,0,0,-5.530,-2.570,-16.930,-5.530,-2.570,-16.930
2589.799,0.988,-0.050,-0.015,0.148,83,97,55,69,12,0,43,43,0,0.000,0,0,0.247,1.230,0.240,0.060,0.000,0.004,-0.020,1.003,0.136,-1.222,-0.044,0.000,0.000,0.000,0.000,0,0,0,0,7,255,0,250,0,0,-5.423,-2.528,-16.934,-5.423,-2.528,-16.934
2594.801,0.988,-0.049,-0.015,0.148,56,83,91,40,26,0,81,27,0,0.000,0,0,0.255,1.217,0.240,0.060,0.060,0.004,-0.018,1.002,0.128,-1.210,-0.046,0.000,0.000,0.000,0.000,0,0,0,0,7,255,0,250,0,0,-5.318,-2.487,-16.938,-5.318,-2.487,-16.938
2599.799,0.988,-0.048,-0.014,0.148,54,85,84,43,31,10,83,40,0,0.000,0,0,0.240,1.181,0.240,0.000,0.000,0.005,-0.017,1.003,0.128,-1.174,-0.040,0.000,0.000,0.000,0.000,0,0,0,0,7,255,0,250,0,0,-5.216,-2.446,-16.941,-5.216,-2.446,-16.941
2604.801,0.988,-0.047,-0.014,0.148,83,85,44,43,28,0,54,10,0,0.000,0,0,0.275,1.157,0.240,0.120,0.060,0.004,-0.019,1.002,0.126,-1.150,-0.042,0.000,0.000,0.000,0.000,0,0,0,0,7,255,0,250,0,0,-5.115,-2.407,-16.945,-5.115,-2.407,-16.945
2609.799,0.988,-0.046,-0.014,0.148,52,60,84,60,28,0,60,53,0,0.000,0,0,0.247,1.148,0.240,0.060,0.000,0.004,-0.019,1.002,0.122,-1.142,-0.042,0.000,0.000,0.000,0.000,0,0,0,0,7,255,0,250,0,0,-5.014,-2.367,-16.949,-5.014,-2.367,-16.949
2614.799,0.988,-0.045,-0.014,0.148,93,103,46,64,10,0,43,25,0,0.000,0,0,0.247,1.137,0.240,0.060,0.000,0.005,-0.020,1.002,0.122,-1.130,-0.042,0.000,0.000,0.000,0.000,0,0,0,0,7,255,0,250,0,0,-4.915,-2.327,-16.952,-4.915,-2.327,-16.952
2619.799,0.988,-0.044,-0.014,0.148,51,83,59,39,31,0,53,28,0,0.000,0,0,0.255,1.127,0.240,0.060,0.060,0.006,-0.020,1.002,0.128,-1.120,-0.042,0.000,0.000,0.000,0.000,0,0,0,0,7,255,0,250,0,0,-4.817,-2.288,-16.955,-4.817,-2.288,-16.955
2624.799,0.988,-0.044,-0.013,0.148,58,59,77,60,9,0,44,40,0,0.000,0,0,0.240,1.109,0.240,0.000,0.000,0.004,-0.018,1.003,0.128,-1.102,-0.038,0.000,0.000,0.000,0.000,0,0,0,0,7,255,0,250,0,0,-4.722,-2.250,-16.958,-4.722,-2.250,-16.958
2629.799,0.988,-0.043,-0.013,0.148,79,70,78,69,12,0,42,43,0,0.000,0,0,0.180,1.075,0.180,0.000,0.000,0.005,-0.019,1.002,0.122,-1.068,-0.032,0.000,0.000,0.000,0.000,0,0,0,0,7,255,0,250,0,0,-4.628,-2.212,-16.962,-4.628,-2.212,-16.962
2634.799,0.988,-0.042,-0.013,0.148,67,69,89,61,28,0,76,46,0,0.000,0,0,0.323,1.063,0.300,0.120,0.000,0.004,-0.019,1.002,0.122,-1.056,-0.030,0.000,0.000,0.000,0.000,0,0,0,0,7,255,0,250,0,0,-4.535,-2.176,-16.964,-4.535,-2.176,-16.964
2639.799,0.988,-0.041,-0.013,0.148,73,86,61,35,55,0,42,35,0,0.000,0,0,0.365,1.048,0.360,0.060,0.000,0.004,-0.017,1.004,0.116,-1.042,-0.030,0.000,0.000,0.000,0.000,0,0,0,0,7,255,0,250,0,0,-4.447,-2.141,-16.967,-4.447,-2.141,-16.967
2644.801,0.988,-0.040,-0.013,0.148,47,59,67,35,18,0,51,29,0,0.000,0,0,0.300,1.010,0.300,0.000,0.000,0.004,-0.017,1.003,0.114,-1.004,-0.020,0.000,0.000,0.000,0.000,0,0,0,0,7,255,0,250,0,0,-4.358,-2.105,-16.970,-4.358,-2.105,-16.970
2649.799,0.988,-0.040,-0.012,0.148,47,85,81,75,51,0,58,33,0,0.000,0,0,0.247,1.005,0.240,0.060,0.000,0.005,-0.019,1.003,0.116,-0.998,-0.020,0.000,0.000,0.000,0.000,0,0,0,0,7,255,0,250,0,0,-4.270,-2.070,-16.973,-4.270,-2.070,-16.973
2654.799,0.988,-0.039,-0.012,0.148,71,57,85,57,19,0,45,45,0,0.000,0,0,0.306,0.997,0.300,0.060,0.000,0.005,-0.019,1.003,0.120,-0.990,-0.020,0.000,0.000,0.000,0.000,0,0,0,0,7,255,0,250,0,0,-4.183,-2.034,-16.975,-4.183,-2.034,-16.975
2659.799,0.988,-0.038,-0.012,0.148,92,88,51,81,19,0,33,51,0,0.000,0,0,0.306,0.983,0.300,0.060,0.000,0.004,-0.020,1.003,0.120,-0.976,-0.018,0.000,0.000,0.000,0.000,0,0,0,0,7,255,0,250,0,0,-4.097,-2.000,-16.978,-4.097,-2.000,-16.978
2664.799,0.988,-0.037,-0.012,0.148,93,73,57,69,21,0,31,55,0,0.000,0,0,0.240,0.975,0.240,0.000,0.000,0.005,-0.018,1.003,0.116,-0.968,-0.014,0.000,0.000,0.000,0.000,0,0,0,0,7,255,0,250,0,0,-4.014,-1.966,-16.980,-4.014,-1.966,-16.980
2669.799,0.988,-0.036,-0.012,0.148,69,91,59,51,30,0,72,8,0,0.000,0,0,0.247,0.943,0.240,0.060,0.000,0.005,-0.017,1.001,0.116,-0.936,-0.014,0.000,0.000,0.000,0.000,0,0,0,0,7,255,0,250,0,0,-3.933,-1.932,-16.983,-3.933,-1.932,-16.983
2674.799,0.988,-0.036,-0.011,0.148,95,72,85,80,25,0,83,56,0,0.000,0,0,0.199,0.923,0.180,0.060,0.060,0.005,-0.018,1.003,0.116,-0.916,-0.014,0.000,0.000,0.000,0.000,0,0,0,0,7,255,0,250,0,0,-3.852,-1.899,-16.985,-3.852,-1.899,-16.985
2679.799,0.988,-0.035,-0.011,0.148,71,95,73,44,49,8,43,26,0,0.000,0,0,0.255,0.913,0.240,0.060,0.060,0.005,-0.019,1.002,0.114,-0.906,-0.016,0.000,0.000,0.000,0.000,0,0,0,0,7,255,0,250,0,0,-3.772,-1.867,-16.987,-3.772,-1.867,-16.987
2684.799,0.988,-0.034,-0.011,0.148,71,57,69,60,18,0,38,33,0,0.000,0,0,0.240,0.911,0.240,0.000,0.000,0.005,-0.018,1.004,0.114,-0.904,-0.012,0.000,0.000,0.000,0.000,0,0,0,0,7,255,0,250,0,0,-3.693,-1.834,-16.989,-3.693,-1.834,-16.989
2689.799,0.988,-0.034,-0.011,0.148,58,64,70,43,39,0,59,29,0,0.000,0,0,0.190,0.889,0.180,0.060,0.000,0.004,-0.019,1.001,0.108,-0.882,-0.016,0.000,0.000,0.000,0.000,0,0,0,0,7,255,0,250,0,0,-3.615,-1.803,-16.991,-3.615,-1.803,-16.991
2694.799,0.988,-0.033,-0.011,0.148,41,79,53,31,45,0,54,27,0,0.000,0,0,0.247,0.878,0.240,0.060,0.000,0.004,-0.019,1.002,0.100,-0.872,-0.012,0.000,0.000,0.000,0.000,0,0,0,0,7,255,0,250,0,0,-3.539,-1.772,-16.993,-3.539,-1.772,-16.993
2699.799,0.988,-0.032,-0.011,0.148,78,69,79,59,30,0,50,38,0,0.000,0,0,0.300,0.862,0.300,0.000,0.000,0.004,-0.018,0.998,0.100,-0.856,-0.028,0.000,0.000,0.000,0.000,0,0,0,0,7,255,0,250,0,0,-3.463,-1.742,-16.995,-3.463,-1.742,-16.995
2704.800,0.988,-0.032,-0.010,0.148,81,77,59,63,13,0,26,47,0,0.000,0,0,1.233,0.856,0.660,-1.040,-0.060,-0.002,-0.023,0.991,0.100,-0.850,-0.054,0.000,0.000,0.000,0.000,0,0,0,0,7,255,0,250,0,0,-3.439,-1.728,-16.996,-3.439,-1.728,-16.996
2709.799,0.988,-0.032,-0.010,0.148,85,93,44,39,47,0,33,31,0,0.000,0,0,2.223,0.856,1.140,-1.900,0.180,0.009,-0.019,1.008,0.100,-0.850,-0.054,0.000,0.000,0.000,0.000,0,0,0,0,7,255,0,250,0,0,-3.419,-1.707,-16.997,-3.419,-1.707,-16.997
2714.799,0.988,-0.031,-0.010,0.148,85,91,47,83,39,0,28,26,0,0.000,0,0,1.118,0.863,1.020,-0.180,0.420,0.022,-0.019,1.009,0.136,-0.852,0.040,0.000,0.000,0.000,0.000,0,0,0,0,7,255,0,250,0,0,-3.398,-1.692,-16.998,-3.398,-1.692,-16.998
2719.799,0.988,-0.031,-0.010,0.148,95,84,67,61,26,0,37,43,0,0.000,0,0,2.279,0.899,1.400,1.580,0.860,0.013,-0.029,1.003,0.142,-0.888,0.040,0.000,0.000,0.000,0.000,0,0,0,0,7,255,0,250,0,0,-3.375,-1.687,-16.994,-3.375,-1.687,-16.994
2724.799,0.988,-0.031,-0.010,0.148,79,55,79,58,21,0,30,57,0,0.000,0,0,4.714,0.985,1.760,0.540,4.340,0.036,-0.062,0.991,0.262,-0.950,-0.008,0.000,0.000,0.000,0.000,0,0,0,0,7,255,0,250,0,0,-3.346,-1.666,-16.973,-3.346,-1.666,-16.973
2729.799,0.989,-0.031,-0.009,0.147,57,85,53,41,40,0,60,26,0,0.000,0,0,23.847,1.328,0.180,-6.720,22.880,0.175,-0.111,0.984,0.262,-1.302,-0.152,0.000,0.000,0.000,0.000,0,0,0,0,7,255,0,250,0,0,-3.306,-1.581,-16.863,-3.306,-1.581,-16.863
2734.799,0.989,-0.030,-0.009,0.145,77,81,43,73,41,0,40,21,0,0.000,0,0,48.576,2.357,0.180,-6.780,48.100,0.251,-0.059,1.020,1.414,-1.886,-0.152,0.000,0.000,0.000,0.000,0,0,0,0,7,255,0,250,0,0,-3.306,-1.522,-16.625,-3.306,-1.522,-16.625
2739.799,0.989,-0.030,-0.009,0.142,60,70,67,39,37,0,43,9,0,0.000,0,0,65.503,2.959,-0.440,-0.420,65.500,0.255,-0.019,1.006,2.280,-1.886,-0.034,0.000,0.000,0.000,0.000,0,0,0,0,7,255,0,250,0,0,-3.312,-1.503,-16.298,-3.312,-1.503,-16.298
2744.800,0.990,-0.030,-0.009,0.138,45,77,91,59,39,0,64,55,0,0.000,0,0,85.729,2.727,-1.240,-1.840,85.700,0.234,-0.024,1.000,2.280,-1.496,-0.034,0.000,0.000,0.000,0.000,0,0,0,0,7,255,0,250,0,0,-3.315,-1.468,-15.871,-3.315,-1.468,-15.871
2749.799,0.991,-0.030,-0.008,0.134,97,84,59,73,21,0,39,39,0,0.000,0,0,111.289,2.828,-0.740,-7.700,111.020,0.249,-0.007,1.004,2.416,-1.470,-0.040,0.000,0.000,0.000,0.000,0,0,0,0,7,255,0,250,0,0,-3.322,-1.397,-15.319,-3.322,-1.397,-15.319
2754.799,0.991,-0.030,-0.008,0.128,85,93,71,88,28,0,45,25,0,0.000,0,0,126.717,2.757,2.620,-3.540,126.640,0.250,0.032,0.996,2.416,-1.328,-0.092,0.000,0.000,0.000,0.000,0,0,0,0,7,255,0,250,0,0,-3.348,-1.341,-14.688,-3.348,-1.341,-14.688
2759.799,0.992,-0.030,-0.007,0.122,81,92,60,89,27,0,39,41,0,0.000,0,0,134.979,2.611,-2.020,-6.220,134.820,0.238,0.043,1.020,2.442,-0.924,-0.040,0.000,0.000,0.000,0.000,0,0,0,0,7,255,0,250,0,0,-3.351,-1.270,-14.017,-3.351,-1.270,-14.017
2764.799,0.993,-0.030,-0.007,0.116,76,101,50,48,0,0,31,16,0,0.000,0,0,142.744,2.686,0.300,-5.440,142.640,0.252,0.023,0.996,2.522,-0.924,-0.100,0.000,0.000,0.000,0.000,0,0,0,0,7,255,0,250,0,0,-3.364,-1.200,-13.306,-3.364,-1.200,-13.306
2769.799,0.993,-0.030,-0.007,0.110,95,91,72,99,26,6,63,55,0,0.000,0,0,150.849,2.577,1.400,-5.000,150.760,0.240,0.031,1.006,2.442,-0.822,0.010,0.000,0.000,0.000,0.000,0,0,0,0,7,255,0,250,0,0,-3.384,-1.130,-12.555,-3.384,-1.130,-12.555
2774.800,0.994,-0.030,-0.006,0.103,76,91,67,44,51,0,68,37,0,0.000,0,0,147.759,2.560,-2.460,-3.360,147.700,0.034,0.031,1.011,2.424,-0.822,0.010,0.000,0.000,0.000,0.000,0,0,0,0,7,255,0,250,0,0,-3.383,-1.069,-11.818,-3.383,-1.069,-11.818
2779.799,0.994,-0.030,-0.006,0.100,81,105,53,56,24,0,55,54,0,0.000,0,0,67.271,0.592,-8.060,-0.920,66.780,-0.707,-0.036,0.975,0.450,-0.384,0.010,0.000,0.000,0.000,0.000,0,0,0,0,7,255,0,250,0,0,-3.347,-1.044,-11.486,-3.347,-1.044,-11.486
2784.799,0.995,-0.031,-0.006,0.099,88,84,55,71,25,2,25,21,0,0.000,0,0,40.172,6.400,23.000,-5.920,32.400,-0.659,-0.064,1.042,-6.400,0.014,0.102,0.000,0.000,0.000,0.000,0,0,0,0,7,255,0,250,0,0,-3.460,-1.016,-11.325,-3.460,-1.016,-11.325
2789.799,0.995,-0.031,-0.005,0.098,97,103,60,76,10,0,39,41,0,0.000,0,0,44.670,6.416,-0.620,-32.040,31.120,-0.447,0.082,1.072,-6.400,0.458,0.464,0.000,0.000,0.000,0.000,0,0,0,0,7,255,0,250,0,0,-3.457,-0.858,-11.179,-3.457,-0.858,-11.179
2794.800,0.995,-0.030,-0.003,0.097,74,71,59,64,20,0,37,43,0,0.000,0,0,41.024,4.200,-22.220,-32.540,11.420,-0.387,0.075,1.034,-4.114,0.844,0.464,0.000,0.000,0.000,0.000,0,0,0,0,7,255,0,250,0,0,-3.345,-0.713,-11.131,-3.345,-0.713,-11.131
2799.799,0.995,-0.029,-0.002,0.097,48,57,76,37,59,0,60,31,0,0.000,0,0,47.401,3.668,-19.420,-43.220,1.340,-0.263,0.033,1.082,-3.570,0.844,0.802,0.000,0.000,0.000,0.000,0,0,0,0,7,255,0,250,0,0,-3.245,-0.504,-11.136,-3.245,-0.504,-11.136
2804.800,0.995,-0.027,0.001,0.097,55,93,68,39,41,0,64,11,0,0.000,0,0,70.814,2.502,-22.220,-67.200,-2.260,-0.099,0.032,1.141,-2.494,0.206,0.828,0.000,0.000,0.000,0.000,0,0,0,0,7,255,0,250,0,0,-3.131,-0.168,-11.166,-3.131,-0.168,-11.166
2809.799,0.995,-0.025,0.005,0.098,75,71,91,61,17,0,48,39,0,0.000,0,0,103.750,0.986,-41.280,-95.160,-2.140,0.105,0.008,1.096,-0.980,-0.112,0.934,0.000,0.000,0.000,0.000,0,0,0,0,7,255,0,250,0,0,-2.922,0.307,-11.202,-2.922,0.307,-11.202
2814.799,0.995,-0.021,0.010,0.097,91,101,54,50,43,1,55,35,0,0.000,0,0,136.285,1.077,-78.620,-111.260,3.720,0.427,0.020,1.052,0.862,-0.646,0.934,0.000,0.000,0.000,0.000,0,0,0,0,7,255,0,250,0,0,-2.527,0.865,-11.210,-2.527,0.865,-11.210
2819.799,0.995,-0.017,0.015,0.097,77,71,89,69,25,0,33,49,0,0.000,0,0,156.093,3.297,-95.600,-121.040,23.980,0.372,-0.063,1.055,3.128,-1.042,0.598,0.000,0.000,0.000,0.000,0,0,0,0,7,255,0,250,0,0,-2.045,1.475,-11.114,-2.045,1.475,-11.114
2824.799,0.995,-0.013,0.020,0.094,77,89,48,39,33,0,52,11,0,0.000,0,0,160.325,3.523,-62.760,-136.300,56.460,0.252,-0.126,1.082,3.128,-1.620,0.598,0.000,0.000,0.000,0.000,0,0,0,0,7,255,0,250,0,0,-1.720,2.166,-10.854,-1.720,2.166,-10.854
2829.799,0.995,-0.012,0.027,0.092,93,107,56,64,18,0,51,49,0,0.000,0,0,176.276,2.380,-20.520,-162.660,64.760,0.113,-0.063,1.129,1.744,-1.620,0.844,0.000,0.000,0.000,0.000,0,0,0,0,7,255,0,250,0,0,-1.602,2.989,-10.554,-1.602,2.989,-10.554
2834.799,0.995,-0.011,0.036,0.089,73,84,45,67,25,0,41,11,0,0.000,0,0,198.856,1.067,7.260,-192.320,50.040,-0.004,0.004,1.143,0.350,-1.008,1.286,0.000,0.000,0.000,0.000,0,0,0,0,7,255,0,250,0,0,-1.622,3.958,-10.331,-1.622,3.958,-10.331
2839.799,0.995,-0.011,0.045,0.088,75,69,83,33,44,0,64,23,0,0.000,0,0,224.986,0.858,16.340,-221.680,34.780,-0.009,0.025,1.112,-0.848,-0.128,1.286,0.000,0.000,0.000,0.000,0,0,0,0,7,255,0,250,0,0,-1.690,5.072,-10.188,-1.690,5.072,-10.188
2844.800,0.995,-0.010,0.056,0.087,75,84,47,61,30,16,36,24,0,0.000,0,0,251.606,0.858,17.320,-249.400,28.380,0.064,0.008,1.096,-0.848,-0.128,1.048,0.000,0.000,0.000,0.000,0,0,0,0,7,255,0,250,0,0,-1.764,6.324,-10.084,-1.764,6.324,-10.084
2849.799,0.994,-0.010,0.068,0.086,58,96,51,37,44,1,33,30,0,0.000,0,0,276.295,0.612,11.960,-274.720,26.920,0.148,-0.049,1.066,-0.594,-0.148,0.940,0.000,0.000,0.000,0.000,0,0,0,0,7,255,0,250,0,0,-1.811,7.701,-9.991,-1.811,7.701,-9.991
2854.799,0.993,-0.009,0.081,0.085,91,99,61,55,4,0,29,29,0,0.000,0,0,302.484,0.810,5.660,-301.220,27.040,0.211,-0.104,1.021,-0.102,-0.804,0.732,0.000,0.000,0.000,0.000,0,0,0,0,7,255,0,250,0,0,-1.823,9.212,-9.903,-1.823,9.212,-9.903
2859.799,0.992,-0.007,0.096,0.084,72,77,92,59,12,4,75,47,0,0.000,0,0,329.882,1.412,-3.240,-328.440,30.640,0.256,-0.142,1.006,0.212,-1.396,0.376,0.000,0.000,0.000,0.000,0,0,0,0,7,255,0,250,0,0,-1.787,10.858,-9.800,-1.787,10.858,-9.800
2864.799,0.990,-0.005,0.111,0.082,47,57,77,48,19,0,74,56,0,0.000,0,0,355.835,1.693,-16.860,-353.460,37.420,0.291,-0.131,0.971,0.322,-1.662,0.308,0.000,0.000,0.000,0.000,0,0,0,0,7,255,0,250,0,0,-1.673,12.631,-9.664,-1.673,12.631,-9.664
2869.799,0.989,-0.003,0.127,0.080,54,71,87,61,28,0,57,49,0,0.000,0,0,382.991,1.693,-23.140,-379.820,43.400,0.296,-0.118,0.956,0.322,-1.662,0.070,0.000,0.000,0.000,0.000,0,0,0,0,7,255,0,250,0,0,-1.515,14.536,-9.495,-1.515,14.536,-9.495
2874.799,0.986,0.000,0.144,0.079,45,55,79,76,22,0,57,59,0,0.000,0,0,403.574,1.482,-30.660,-399.960,44.320,0.319,-0.109,0.930,0.232,-1.464,-0.040,0.000,0.000,0.000,0.000,0,0,0,0,7,255,0,250,0,0,-1.311,16.542,-9.316,-1.311,16.542,-9.316
2879.799,0.984,0.003,0.162,0.077,61,96,55,39,53,0,56,22,0,0.000,0,0,423.242,1.478,-31.440,-419.860,43.160,0.348,-0.137,0.900,0.202,-1.464,-0.200,0.000,0.000,0.000,0.000,0,0,0,0,7,255,0,250,0,0,-1.097,18.646,-9.136,-1.097,18.646,-9.136
2884.799,0.981,0.007,0.180,0.075,87,110,63,75,0,0,43,35,0,0.000,0,0,429.504,1.569,-32.840,-426.080,43.020,0.393,-0.139,0.884,0.202,-1.556,-0.358,0.000,0.000,0.000,0.000,0,0,0,0,7,255,0,250,0,0,-0.867,20.780,-8.947,-0.867,20.780,-8.947
2889.799,0.977,0.010,0.198,0.074,83,77,74,37,39,0,57,33,0,0.000,0,0,430.657,1.589,-39.140,-426.760,42.540,0.451,-0.169,0.838,0.294,-1.562,-0.376,0.000,0.000,0.000,0.000,0,0,0,0,7,255,0,250,0,0,-0.594,22.917,-8.747,-0.594,22.917,-8.747
2894.799,0.974,0.014,0.216,0.072,76,101,55,59,30,0,45,39,0,0.000,0,0,422.074,1.883,-55.240,-415.600,48.700,0.518,-0.203,1.060,0.294,-1.860,-0.358,0.000,0.000,0.000,0.000,0,0,0,0,7,255,0,250,0,0,-0.214,24.997,-8.496,-0.214,24.997,-8.496
2899.800,0.970,0.020,0.232,0.070,79,89,84,88,26,5,57,51,0,0.000,0,0,391.715,1.862,-92.960,-377.380,48.820,0.549,-0.130,1.072,-0.092,-1.860,1.754,0.000,0.000,0.000,0.000,0,0,0,0,7,255,0,250,0,0,0.373,26.885,-8.222,0.373,26.885,-8.222
2904.799,0.966,0.027,0.246,0.069,90,99,81,72,25,0,31,45,0,0.000,0,0,367.147,1.211,-125.080,-341.920,47.360,0.522,-0.129,1.047,-0.132,-1.204,1.754,0.000,0.000,0.000,0.000,0,0,0,0,7,255,0,250,0,0,1.137,28.591,-7.929,1.137,28.591,-7.929
2909.799,0.963,0.034,0.258,0.069,55,73,85,43,41,0,61,25,0,0.000,0,0,339.111,1.176,-140.200,-305.540,44.560,0.493,-0.145,0.939,-0.574,-1.026,1.682,0.000,0.000,0.000,0.000,0,0,0,0,7,255,0,250,0,0,1.989,30.113,-7.626,1.989,30.113,-7.626
2914.799,0.960,0.041,0.269,0.068,82,95,48,33,45,0,53,11,0,0.000,0,0,312.080,1.192,-132.460,-279.980,38.200,0.471,-0.188,0.873,-0.606,-1.026,0.624,0.000,0.000,0.000,0.000,0,0,0,0,7,255,0,250,0,0,2.802,31.504,-7.335,2.802,31.504,-7.335
2919.799,0.957,0.047,0.280,0.068,55,83,87,31,39,12,73,21,0,0.000,0,0,281.615,1.414,-115.860,-255.000,29.300,0.476,-0.185,0.856,-0.752,-1.198,-0.024,0.000,0.000,0.000,0.000,0,0,0,0,7,255,0,250,0,0,3.520,32.770,-7.080,3.520,32.770,-7.080
2924.799,0.954,0.052,0.289,0.068,50,72,47,48,53,10,61,10,0,0.000,0,0,254.688,1.431,-97.000,-234.620,20.260,0.493,-0.182,0.839,-0.782,-1.198,-0.138,0.000,0.000,0.000,0.000,0,0,0,0,7,255,0,250,0,0,4.126,33.935,-6.865,4.126,33.935,-6.865
2929.799,0.951,0.056,0.298,0.068,77,88,52,39,39,0,38,31,0,0.000,0,0,231.130,1.379,-78.380,-216.980,14.040,0.518,-0.173,0.857,-0.826,-1.104,-0.138,0.000,0.000,0.000,0.000,0,0,0,0,7,255,0,250,0,0,4.625,35.012,-6.680,4.625,35.012,-6.680
2934.799,0.948,0.060,0.305,0.068,59,85,42,53,47,16,31,25,0,0.000,0,0,202.393,1.247,-71.300,-189.140,10.260,0.511,-0.151,0.989,-0.842,-0.920,0.082,0.000,0.000,0.000,0.000,0,0,0,0,7,255,0,250,0,0,5.077,35.951,-6.519,5.077,35.951,-6.519
2939.799,0.946,0.064,0.311,0.068,69,92,97,57,22,0,75,53,0,0.000,0,0,160.430,1.875,-86.200,-134.580,13.980,0.502,-0.200,1.057,-1.748,-0.678,1.062,0.000,0.000,0.000,0.000,0,0,0,0,7,255,0,250,0,0,5.607,36.615,-6.354,5.607,36.615,-6.354
2944.799,0.944,0.068,0.315,0.068,56,68,81,68,18,0,59,43,0,0.000,0,0,139.530,1.816,-87.160,-107.480,17.880,0.530,-0.134,0.739,-1.748,-0.492,1.062,0.000,0.000,0.000,0.000,0,0,0,0,7,255,0,250,0,0,6.154,37.141,-6.174,6.154,37.141,-6.174
2949.800,0.943,0.070,0.319,0.068,69,72,91,62,19,0,45,52,0,0.000,0,0,112.815,0.601,-46.940,-102.240,8.420,0.553,-0.069,0.642,-0.346,-0.492,-0.808,0.000,0.000,0.000,0.000,0,0,0,0,7,255,0,250,0,0,6.466,37.646,-6.051,6.466,37.646,-6.051
2954.799,0.941,0.071,0.323,0.068,87,67,105,67,16,0,43,46,0,0.000,0,0,96.536,0.426,-1.480,-96.320,-6.280,0.561,-0.066,0.626,0.426,-0.008,-1.482,0.000,0.000,0.000,0.000,0,0,0,0,7,255,0,250,0,0,6.494,38.128,-6.021,6.494,38.128,-6.021
2959.799,0.940,0.070,0.326,0.068,47,75,81,79,19,5,92,57,0,0.000,0,0,89.362,0.426,20.920,-86.060,-11.900,0.550,-0.110,0.663,0.426,-0.008,-1.482,0.000,0.000,0.000,0.000,0,0,0,0,7,255,0,250,0,0,6.383,38.563,-6.035,6.383,38.563,-6.035
2964.799,0.939,0.070,0.329,0.068,83,103,91,76,21,0,33,45,0,0.000,0,0,63.238,0.370,11.460,-62.080,-3.720,0.527,-0.175,0.741,0.078,-0.362,-1.296,0.000,0.000,0.000,0.000,0,0,0,0,7,255,0,250,0,0,6.341,38.875,-6.015,6.341,38.875,-6.015
2969.799,0.939,0.070,0.330,0.067,81,61,101,69,35,0,75,37,0,0.000,0,0,30.613,1.003,-8.560,-26.980,11.660,0.513,-0.165,0.746,-0.716,-0.702,-0.854,0.000,0.000,0.000,0.000,0,0,0,0,7,255,0,250,0,0,6.456,38.993,-5.919,6.456,38.993,-5.919
2974.800,0.939,0.071,0.329,0.067,86,93,69,71,29,0,33,23,0,0.000,0,0,29.126,1.089,-12.640,13.060,22.760,0.507,-0.096,0.756,-0.832,-0.702,-0.854,0.000,0.000,0.000,0.000,0,0,0,0,7,255,0,250,0,0,6.608,38.903,-5.783,6.608,38.903,-5.783
2979.799,0.940,0.071,0.327,0.066,72,72,75,60,12,0,51,61,0,0.000,0,0,59.222,0.832,2.740,53.400,25.460,0.523,-0.069,0.766,-0.832,0.000,-0.854,0.000,0.000,0.000,0.000,0,0,0,0,7,255,0,250,0,0,6.673,38.624,-5.661,6.673,38.624,-5.661
2984.799,0.941,0.070,0.323,0.065,78,99,61,78,47,0,45,35,0,0.000,0,0,98.427,0.686,25.440,91.560,25.640,0.544,-0.111,0.796,-0.686,0.000,-0.712,0.000,0.000,0.000,0.000,0,0,0,0,7,255,0,250,0,0,6.607,38.156,-5.566,6.607,38.156,-5.566
2989.799,0.944,0.069,0.318,0.063,79,94,60,46,0,0,31,30,0,0.000,0,0,139.836,0.696,40.400,130.920,27.960,0.546,-0.154,0.853,-0.686,-0.116,-0.310,0.000,0.000,0.000,0.000,0,0,0,0,7,255,0,250,0,0,6.458,37.490,-5.484,6.458,37.490,-5.484
2994.799,0.946,0.067,0.311,0.062,67,79,49,38,29,1,47,33,0,0.000,0,0,182.617,1.073,45.340,173.880,32.540,0.505,-0.165,0.888,-0.964,-0.472,0.182,0.000,0.000,0.000,0.000,0,0,0,0,7,255,0,250,0,0,6.283,36.609,-5.402,6.283,36.609,-5.402
2999.800,0.949,0.065,0.302,0.060,87,99,69,69,41,0,29,57,0,0.000,0,0,228.446,1.424,46.380,220.580,37.160,0.458,-0.138,0.908,-1.344,-0.472,0.182,0.000,0.000,0.000,0.000,0,0,0,0,7,255,0,250,0,0,6.101,35.493,-5.321,6.101,35.493,-5.321
3004.799,0.953,0.063,0.290,0.059,91,104,75,67,25,0,43,37,0,0.000,0,0,278.976,1.456,50.040,271.360,41.080,0.433,-0.105,0.892,-1.434,-0.254,0.126,0.000,0.000,0.000,0.000,0,0,0,0,7,255,0,250,0,0,5.897,34.123,-5.245,5.897,34.123,-5.245
3009.799,0.957,0.060,0.277,0.057,97,97,67,57,43,0,68,24,0,0.000,0,0,333.269,1.437,56.320,325.620,43.220,0.432,-0.104,0.866,-1.434,-0.086,-0.136,0.000,0.000,0.000,0.000,0,0,0,0,7,255,0,250,0,0,5.651,32.483,-5.183,5.651,32.483,-5.183
3014.799,0.962,0.057,0.261,0.056,93,89,55,67,33,0,45,35,0,0.000,0,0,388.952,1.032,61.140,381.720,42.840,0.455,-0.113,0.825,-1.028,-0.086,-0.320,0.000,0.000,0.000,0.000,0,0,0,0,7,255,0,250,0,0,5.366,30.563,-5.148,5.366,30.563,-5.148
3019.799,0.967,0.054,0.243,0.054,77,72,61,59,9,0,39,47,0,0.000,0,0,440.403,0.413,65.240,433.400,43.160,0.470,-0.091,0.790,-0.336,-0.240,-0.510,0.000,0.000,0.000,0.000,0,0,0,0,7,255,0,250,0,0,5.053,28.387,-5.127,5.053,28.387,-5.127
3024.799,0.972,0.050,0.223,0.053,57,91,72,87,37,3,72,60,0,0.000,0,0,481.729,0.406,71.280,474.600,41.680,0.439,-0.047,0.780,0.328,-0.240,-0.762,0.000,0.000,0.000,0.000,0,0,0,0,7,255,0,250,0,0,4.702,26.006,-5.120,4.702,26.006,-5.120
3029.799,0.977,0.046,0.201,0.052,76,92,71,44,43,5,79,16,0,0.000,0,0,511.387,0.350,80.980,503.780,34.120,0.376,-0.019,0.798,0.328,0.122,-1.030,0.000,0.000,0.000,0.000,0,0,0,0,7,255,0,250,0,0,4.287,23.483,-5.150,4.287,23.483,-5.150
3034.799,0.982,0.041,0.179,0.051,59,75,75,43,35,0,58,35,0,0.000,0,0,532.225,0.429,91.660,523.920,19.220,0.310,-0.026,0.853,0.300,0.306,-1.030,0.000,0.000,0.000,0.000,0,0,0,0,7,255,0,250,0,0,3.795,20.864,-5.246,3.795,20.864,-5.246
3039.800,0.986,0.035,0.156,0.051,76,67,52,46,44,3,57,10,0,0.000,0,0,551.523,0.326,101.980,542.000,3.660,0.270,-0.036,0.877,-0.112,0.306,-0.914,0.000,0.000,0.000,0.000,0,0,0,0,7,255,0,250,0,0,3.235,18.159,-5.403,3.235,18.159,-5.403
3044.799,0.989,0.028,0.132,0.052,83,107,55,54,31,0,41,23,0,0.000,0,0,581.534,0.326,128.780,566.840,-17.020,0.223,0.007,0.875,-0.112,0.306,-0.914,0.000,0.000,0.000,0.000,0,0,0,0,7,255,0,250,0,0,2.525,15.334,-5.640,2.525,15.334,-5.640
3049.799,0.993,0.020,0.107,0.053,77,107,55,37,0,0,36,22,0,0.000,0,0,613.195,0.483,162.960,589.900,-38.340,0.180,0.023,0.927,-0.152,0.458,-0.804,0.000,0.000,0.000,0.000,0,0,0,0,7,255,0,250,0,0,1.639,12.395,-5.948,1.639,12.395,-5.948
3054.799,0.995,0.010,0.081,0.055,57,64,55,33,24,4,33,16,0,0.000,0,0,638.691,0.471,186.080,608.940,-49.920,0.168,0.009,0.984,-0.112,0.458,-0.562,0.000,0.000,0.000,0.000,0,0,0,0,7,255,0,250,0,0,0.651,9.358,-6.264,0.651,9.358,-6.264
3059.799,0.997,-0.000,0.054,0.057,53,71,81,59,23,0,50,53,0,0.000,0,0,660.257,0.209,198.240,626.580,-63.540,0.183,-0.077,1.019,0.078,0.194,-0.020,0.000,0.000,0.000,0.000,0,0,0,0,7,255,0,250,0,0,-0.382,6.227,-6.592,-0.382,6.227,-6.592
3064.799,0.998,-0.011,0.027,0.060,54,93,59,41,37,0,48,11,0,0.000,0,0,676.384,1.076,203.840,640.680,-73.980,0.201,-0.136,1.032,0.598,-0.894,0.316,0.000,0.000,0.000,0.000,0,0,0,0,7,255,0,250,0,0,-1.425,3.020,-6.912,-1.425,3.020,-6.912
3069.800,0.998,-0.021,-0.000,0.063,59,83,99,42,29,5,79,12,0,0.000,0,0,670.636,2.139,190.240,638.120,-79.780,0.238,-0.188,1.045,1.232,-1.748,0.348,0.000,0.000,0.000,0.000,0,0,0,0,7,255,0,250,0,0,-2.381,-0.181,-7.205,-2.381,-0.181,-7.205
3074.799,0.997,-0.030,-0.026,0.066,99,93,52,45,25,0,63,19,0,0.000,0,0,637.466,3.280,162.040,611.440,-79.040,0.250,-0.217,1.047,2.060,-2.552,0.348,0.000,0.000,0.000,0.000,0,0,0,0,7,255,0,250,0,0,-3.182,-3.251,-7.451,-3.182,-3.251,-7.451
3079.799,0.996,-0.036,-0.050,0.068,60,97,72,37,0,0,35,21,0,0.000,0,0,575.344,3.979,122.600,557.240,-73.980,0.215,-0.194,1.041,2.652,-2.966,0.176,0.000,0.000,0.000,0.000,0,0,0,0,7,255,0,250,0,0,-3.776,-6.053,-7.652,-3.776,-6.053,-7.652
3084.799,0.994,-0.041,-0.072,0.071,56,67,48,40,47,0,55,13,0,0.000,0,0,499.701,4.069,81.540,487.980,-70.200,0.185,-0.148,1.027,2.786,-2.966,-0.028,0.000,0.000,0.000,0.000,0,0,0,0,7,255,0,250,0,0,-4.158,-8.510,-7.835,-4.158,-8.510,-7.835
3089.799,0.992,-0.044,-0.089,0.073,59,107,78,42,37,0,64,21,0,0.000,0,0,414.033,3.925,42.400,407.160,-62.020,0.149,-0.125,1.027,2.938,-2.602,-0.242,0.000,0.000,0.000,0.000,0,0,0,0,7,255,0,250,0,0,-4.341,-10.563,-7.995,-4.341,-10.563,-7.995
3094.800,0.991,-0.045,-0.103,0.074,49,58,83,40,43,0,69,28,0,0.000,0,0,329.938,3.806,2.000,326.300,-48.820,0.080,-0.055,1.032,2.938,-2.420,-0.242,0.000,0.000,0.000,0.000,0,0,0,0,7,255,0,250,0,0,-4.325,-12.207,-8.118,-4.325,-12.207,-8.118
3099.800,0.990,-0.044,-0.115,0.075,98,94,63,69,30,0,39,29,0,0.000,0,0,259.378,3.173,-32.960,254.820,-35.460,-0.015,0.012,1.027,2.680,-1.698,-0.152,0.000,0.000,0.000,0.000,0,0,0,0,7,255,0,250,0,0,-4.139,-13.490,-8.203,-4.139,-13.490,-8.203
3104.799,0.989,-0.042,-0.123,0.076,75,91,83,59,13,0,39,59,0,0.000,0,0,203.992,2.289,-50.300,195.920,-26.420,-0.098,0.040,1.011,2.096,-0.920,0.006,0.000,0.000,0.000,0.000,0,0,0,0,7,255,0,250,0,0,-3.869,-14.476,-8.268,-3.869,-14.476,-8.268
3109.799,0.988,-0.041,-0.130,0.076,77,89,46,61,30,3,33,22,0,0.000,0,0,160.817,1.577,-50.740,151.300,-19.900,-0.152,0.031,0.985,1.496,-0.498,0.006,0.000,0.000,0.000,0.000,0,0,0,0,7,255,0,250,0,0,-3.600,-15.236,-8.320,-3.600,-15.236,-8.320
3114.799,0.987,-0.039,-0.135,0.076,73,81,84,77,14,0,59,54,0,0.000,0,0,122.540,1.155,-41.640,114.560,-12.580,-0.184,0.010,0.952,1.042,-0.498,-0.090,0.000,0.000,0.000,0.000,0,0,0,0,7,255,0,250,0,0,-3.381,-15.811,-8.349,-3.381,-15.811,-8.349
3119.799,0.987,-0.038,-0.139,0.076,87,77,55,60,13,0,37,40,0,0.000,0,0,85.394,0.867,-30.460,79.520,-6.400,-0.208,0.028,0.915,0.734,-0.462,-0.346,0.000,0.000,0.000,0.000,0,0,0,0,7,255,0,250,0,0,-3.224,-16.209,-8.359,-3.224,-16.209,-8.359
3124.799,0.986,-0.037,-0.140,0.076,81,90,55,43,16,0,37,21,0,0.000,0,0,49.347,0.593,-25.460,41.920,-5.440,-0.213,0.060,0.883,0.506,-0.310,-0.620,0.000,0.000,0.000,0.000,0,0,0,0,7,255,0,250,0,0,-3.090,-16.418,-8.375,-3.090,-16.418,-8.375
3129.799,0.987,-0.036,-0.140,0.076,71,60,82,63,14,0,59,40,0,0.000,0,0,28.692,0.513,-28.340,-0.860,-4.400,-0.167,0.047,0.858,0.506,-0.086,-0.894,0.000,0.000,0.000,0.000,0,0,0,0,7,255,0,250,0,0,-2.939,-16.403,-8.398,-2.939,-16.403,-8.398
3134.799,0.987,-0.034,-0.138,0.076,55,85,69,53,37,0,67,21,0,0.000,0,0,58.975,0.807,-32.300,-49.320,1.520,-0.124,0.042,0.863,0.802,-0.086,-1.256,0.000,0.000,0.000,0.000,0,0,0,0,7,255,0,250,0,0,-2.774,-16.156,-8.403,-2.774,-16.156,-8.403
3139.799,0.988,-0.032,-0.134,0.076,75,105,48,37,43,8,54,23,0,0.000,0,0,107.129,1.185,-34.000,-101.380,6.540,-0.100,0.089,0.876,1.182,-0.086,-1.256,0.000,0.000,0.000,0.000,0,0,0,0,7,255,0,250,0,0,-2.604,-15.647,-8.394,-2.604,-15.647,-8.394
3144.800,0.989,-0.031,-0.127,0.075,55,72,75,45,30,0,63,47,0,0.000,0,0,160.962,1.462,-29.920,-157.840,10.000,-0.067,0.108,0.865,1.436,0.274,-1.332,0.000,0.000,0.000,0.000,0,0,0,0,7,255,0,250,0,0,-2.457,-14.855,-8.378,-2.457,-14.855,-8.378
3149.799,0.990,-0.029,-0.118,0.075,51,75,81,33,37,2,87,13,0,0.000,0,0,220.198,1.664,-15.940,-219.060,15.680,-0.042,0.092,0.850,1.634,0.316,-1.406,0.000,0.000,0.000,0.000,0,0,0,0,7,255,0,250,0,0,-2.383,-13.757,-8.345,-2.383,-13.757,-8.345
3154.799,0.991,-0.029,-0.106,0.074,80,85,55,53,4,0,40,22,0,0.000,0,0,283.136,1.664,1.520,-282.220,22.700,-0.021,0.059,0.845,1.634,0.316,-1.584,0.000,0.000,0.000,0.000,0,0,0,0,7,255,0,250,0,0,-2.401,-12.342,-8.289,-2.401,-12.342,-8.289
3159.799,0.993,-0.028,-0.091,0.073,80,71,79,67,16,0,59,49,0,0.000,0,0,344.284,1.590,18.120,-342.840,25.760,-0.011,0.027,0.841,1.590,-0.002,-1.650,0.000,0.000,0.000,0.000,0,0,0,0,7,255,0,250,0,0,-2.500,-10.623,-8.233,-2.500,-10.623,-8.233
3164.799,0.994,-0.029,-0.073,0.073,47,83,86,33,30,0,35,12,0,0.000,0,0,402.453,1.417,35.640,-400.200,23.200,0.008,-0.001,0.838,1.386,-0.294,-1.674,0.000,0.000,0.000,0.000,0,0,0,0,7,255,0,250,0,0,-2.680,-8.618,-8.207,-2.680,-8.618,-8.207
3169.799,0.995,-0.029,-0.053,0.073,80,84,65,38,40,0,57,23,0,0.000,0,0,458.755,1.411,49.680,-455.620,19.960,0.049,-0.020,0.845,1.286,-0.580,-1.674,0.000,0.000,0.000,0.000,0,0,0,0,7,255,0,250,0,0,-2.925,-6.337,-8.219,-2.925,-6.337,-8.219
3174.800,0.996,-0.030,-0.031,0.073,47,69,44,34,37,0,53,25,0,0.000,0,0,510.986,1.518,54.800,-507.760,16.840,0.097,-0.027,0.865,1.286,-0.806,-1.646,0.000,0.000,0.000,0.000,0,0,0,0,7,255,0,250,0,0,-3.192,-3.797,-8.271,-3.192,-3.797,-8.271
3179.799,0.997,-0.031,-0.007,0.073,97,93,45,60,26,0,33,33,0,0.000,0,0,559.040,1.682,50.220,-556.640,12.460,0.147,-0.035,0.902,1.388,-0.950,-1.436,0.000,0.000,0.000,0.000,0,0,0,0,7,255,0,250,0,0,-3.436,-1.015,-8.369,-3.436,-1.015,-8.369
3184.799,0.997,-0.030,0.020,0.074,45,71,91,59,28,0,58,46,0,0.000,0,0,600.217,1.718,36.620,-599.060,6.840,0.190,-0.009,0.943,1.432,-0.950,-1.022,0.000,0.000,0.000,0.000,0,0,0,0,7,255,0,250,0,0,-3.618,1.977,-8.520,-3.618,1.977,-8.520
3189.799,0.996,-0.029,0.047,0.074,80,109,53,57,41,0,31,21,0,0.000,0,0,631.230,1.687,15.500,-631.040,-0.180,0.242,-0.001,0.959,1.432,-0.892,-0.520,0.000,0.000,0.000,0.000,0,0,0,0,7,255,0,250,0,0,-3.706,5.126,-8.721,-3.706,5.126,-8.721
3194.799,0.994,-0.026,0.075,0.076,53,83,87,73,26,0,58,59,0,0.000,0,0,647.303,1.680,-8.860,-647.220,-5.380,0.311,-0.002,0.972,1.432,-0.878,-0.248,0.000,0.000,0.000,0.000,0,0,0,0,7,255,0,250,0,0,-3.687,8.353,-8.959,-3.687,8.353,-8.959
3199.799,0.992,-0.022,0.103,0.077,79,101,55,46,28,0,38,11,0,0.000,0,0,637.905,1.734,-40.720,-636.540,-9.040,0.387,0.014,0.960,1.514,-0.846,0.042,0.000,0.000,0.000,0.000,0,0,0,0,7,255,0,250,0,0,-3.524,11.527,-9.207,-3.524,11.527,-9.207
3204.801,0.988,-0.017,0.129,0.078,45,60,84,51,42,0,57,25,0,0.000,0,0,615.084,1.827,-81.920,-609.560,-7.380,0.417,-0.028,0.899,1.602,-0.878,0.042,0.000,0.000,0.000,0.000,0,0,0,0,7,255,0,250,0,0,-3.162,14.569,-9.428,-3.162,14.569,-9.428
3209.799,0.985,-0.010,0.153,0.079,51,59,77,46,37,0,79,41,0,0.000,0,0,589.281,1.782,-104.620,-579.840,-9.580,0.430,-0.006,0.783,1.624,-0.734,-0.268,0.000,0.000,0.000,0.000,0,0,0,0,7,255,0,250,0,0,-2.693,17.461,-9.631,-2.693,17.461,-9.631
3214.799,0.981,-0.003,0.176,0.081,50,91,43,29,43,0,57,10,0,0.000,0,0,553.137,1.801,-120.320,-539.860,-5.860,0.434,-0.031,0.746,1.602,-0.822,-1.226,0.000,0.000,0.000,0.000,0,0,0,0,7,255,0,250,0,0,-2.138,20.156,-9.783,-2.138,20.156,-9.783
3219.799,0.977,0.004,0.196,0.082,55,61,73,62,28,0,76,37,0,0.000,0,0,506.951,1.591,-131.840,-489.500,2.740,0.440,-0.088,0.739,1.362,-0.822,-1.476,0.000,0.000,0.000,0.000,0,0,0,0,7,255,0,250,0,0,-1.501,22.604,-9.851,-1.501,22.604,-9.851
3224.799,0.973,0.012,0.214,0.082,55,58,88,61,22,2,63,33,0,0.000,0,0,460.144,1.604,-143.320,-436.960,16.060,0.424,-0.162,0.791,1.012,-1.244,-1.476,0.000,0.000,0.000,0.000,0,0,0,0,7,255,0,250,0,0,-0.766,24.790,-9.811,-0.766,24.790,-9.811
3229.799,0.970,0.020,0.230,0.082,57,88,51,37,35,0,35,12,0,0.000,0,0,410.997,1.772,-152.300,-380.560,29.960,0.391,-0.216,0.875,0.240,-1.756,-1.044,0.000,0.000,0.000,0.000,0,0,0,0,7,255,0,250,0,0,0.065,26.694,-9.657,0.065,26.694,-9.657
3234.799,0.966,0.028,0.243,0.081,91,84,45,76,40,2,47,19,0,0.000,0,0,359.517,1.995,-155.100,-321.240,44.740,0.353,-0.230,0.958,-0.780,-1.836,-0.418,0.000,0.000,0.000,0.000,0,0,0,0,7,255,0,250,0,0,0.966,28.299,-9.389,0.966,28.299,-9.389
3239.799,0.963,0.036,0.253,0.080,48,77,89,55,24,0,85,36,0,0.000,0,0,306.892,2.538,-152.420,-259.520,60.000,0.300,-0.220,1.053,-1.752,-1.836,0.140,0.000,0.000,0.000,0.000,0,0,0,0,7,255,0,250,0,0,1.915,29.589,-9.009,1.915,29.589,-9.009
3244.800,0.961,0.044,0.261,0.079,78,88,55,73,53,0,50,33,0,0.000,0,0,248.874,3.143,-141.560,-192.940,68.360,0.242,-0.200,1.119,-2.822,-1.384,0.682,0.000,0.000,0.000,0.000,0,0,0,0,7,255,0,250,0,0,2.846,30.540,-8.568,2.846,30.540,-8.568
3249.799,0.960,0.050,0.265,0.077,51,70,55,38,31,11,56,23,0,0.000,0,0,182.956,3.843,-119.220,-121.960,66.220,0.188,-0.188,1.146,-3.744,-0.868,0.846,0.000,0.000,0.000,0.000,0,0,0,0,7,255,0,250,0,0,3.662,31.131,-8.143,3.662,31.131,-8.143
3254.799,0.959,0.054,0.267,0.075,91,77,44,43,39,2,29,18,0,0.000,0,0,117.721,4.418,-90.040,-50.360,56.700,0.162,-0.179,1.156,-4.390,-0.500,0.846,0.000,0.000,0.000,0.000,0,0,0,0,7,255,0,250,0,0,4.297,31.363,-7.792,4.297,31.363,-7.792
3259.799,0.959,0.057,0.266,0.074,91,101,58,64,35,1,37,29,0,0.000,0,0,78.780,4.430,-59.820,22.460,46.080,0.184,-0.158,1.155,-4.422,-0.266,0.846,0.000,0.000,0.000,0.000,0,0,0,0,7,255,0,250,0,0,4.733,31.234,-7.533,4.733,31.234,-7.533
3264.799,0.961,0.059,0.261,0.073,47,64,91,64,35,0,47,49,0,0.000,0,0,111.822,4.422,-35.360,98.560,39.240,0.212,-0.133,1.128,-4.422,-0.032,0.828,0.000,0.000,0.000,0.000,0,0,0,0,7,255,0,250,0,0,5.004,30.727,-7.354,5.004,30.727,-7.354
3269.799,0.963,0.060,0.254,0.073,83,89,55,89,24,0,39,48,0,0.000,0,0,177.389,3.908,-20.340,173.460,31.060,0.180,-0.144,1.086,-3.908,0.036,0.828,0.000,0.000,0.000,0.000,0,0,0,0,7,255,0,250,0,0,5.154,29.850,-7.263,5.154,29.850,-7.263
3274.799,0.965,0.060,0.244,0.073,72,89,58,48,12,0,33,20,0,0.000,0,0,240.795,3.908,-13.320,240.040,13.620,0.126,-0.190,1.054,-3.908,0.036,0.384,0.000,0.000,0.000,0.000,0,0,0,0,7,255,0,250,0,0,5.200,28.649,-7.310,5.200,28.649,-7.310
3279.799,0.968,0.059,0.231,0.074,85,104,67,45,39,0,41,25,0,0.000,0,0,295.716,3.864,-10.020,295.540,-1.900,0.146,-0.215,1.018,-3.842,-0.414,-0.030,0.000,0.000,0.000,0.000,0,0,0,0,7,255,0,250,0,0,5.177,27.179,-7.471,5.177,27.179,-7.471
3284.799,0.972,0.058,0.217,0.075,76,92,69,45,45,0,57,20,0,0.000,0,0,346.783,3.532,-7.100,346.500,-12.080,0.166,-0.191,1.012,-3.482,-0.590,-0.036,0.000,0.000,0.000,0.000,0,0,0,0,7,255,0,250,0,0,5.108,25.460,-7.712,5.108,25.460,-7.712
3289.799,0.975,0.057,0.200,0.077,51,61,81,39,21,0,63,37,0,0.000,0,0,398.179,3.018,-3.240,397.580,-21.600,0.190,-0.135,1.046,-2.960,-0.590,-0.036,0.000,0.000,0.000,0.000,0,0,0,0,7,255,0,250,0,0,4.998,23.491,-8.022,4.998,23.491,-8.022
3294.799,0.979,0.055,0.181,0.080,53,88,97,37,45,0,75,12,0,0.000,0,0,444.279,2.450,0.660,443.360,-28.560,0.234,-0.077,1.093,-2.448,-0.086,0.418,0.000,0.000,0.000,0.000,0,0,0,0,7,255,0,250,0,0,4.860,21.295,-8.382,4.860,21.295,-8.382
3299.799,0.982,0.053,0.161,0.082,89,89,53,85,10,0,39,26,0,0.000,0,0,482.027,1.769,5.000,480.840,-33.440,0.283,-0.066,1.125,-1.722,0.404,1.034,0.000,0.000,0.000,0.000,0,0,0,0,7,255,0,250,0,0,4.703,18.915,-8.773,4.703,18.915,-8.773
3304.800,0.985,0.050,0.139,0.085,93,79,67,37,41,3,57,8,0,0.000,0,0,509.135,0.990,11.900,507.260,-42.000,0.321,-0.095,1.129,-0.904,0.404,1.550,0.000,0.000,0.000,0.000,0,0,0,0,7,255,0,250,0,0,4.514,16.404,-9.206,4.514,16.404,-9.206
3309.799,0.988,0.047,0.117,0.088,45,57,93,40,51,5,64,21,0,0.000,0,0,522.368,0.134,24.220,519.040,-53.660,0.340,-0.136,1.077,-0.128,-0.038,1.550,0.000,0.000,0.000,0.000,0,0,0,0,7,255,0,250,0,0,4.270,13.839,-9.689,4.270,13.839,-9.689
3314.799,0.990,0.042,0.094,0.092,74,117,53,37,39,0,37,21,0,0.000,0,0,537.359,0.881,61.760,528.380,-75.860,0.313,-0.142,0.925,0.590,-0.654,1.316,0.000,0.000,0.000,0.000,0,0,0,0,7,255,0,250,0,0,3.838,11.232,-10.267,3.838,11.232,-10.267
3319.799,0.992,0.035,0.073,0.097,70,75,84,74,22,0,76,59,0,0.000,0,0,538.080,1.120,113.520,516.720,-98.200,0.242,-0.116,0.947,0.798,-0.786,-0.218,0.000,0.000,0.000,0.000,0,0,0,0,7,255,0,250,0,0,3.159,8.684,-10.925,3.159,8.684,-10.925
3324.799,0.993,0.026,0.052,0.102,87,67,59,72,7,0,29,58,0,0.000,0,0,518.295,1.321,146.840,485.340,-107.300,0.212,-0.027,0.939,1.062,-0.786,-0.240,0.000,0.000,0.000,0.000,0,0,0,0,7,255,0,250,0,0,2.341,6.287,-11.583,2.341,6.287,-11.583
3329.799,0.994,0.016,0.034,0.107,85,83,59,52,38,0,37,21,0,0.000,0,0,495.353,1.004,180.600,446.040,-117.500,0.168,-0.012,0.923,0.998,-0.110,-0.422,0.000,0.000,0.000,0.000,0,0,0,0,7,255,0,250,0,0,1.381,4.078,-12.245,1.381,4.078,-12.245
3334.799,0.993,0.005,0.018,0.112,61,93,75,41,36,0,77,10,0,0.000,0,0,470.144,1.004,209.640,401.860,-124.880,0.138,-0.026,0.900,0.998,-0.110,-0.658,0.000,0.000,0.000,0.000,0,0,0,0,7,255,0,250,0,0,0.300,2.080,-12.899,0.300,2.080,-12.899
3339.799,0.993,-0.007,0.004,0.118,53,65,59,40,40,7,55,18,0,0.000,0,0,435.848,1.087,223.260,352.900,-124.820,0.145,-0.081,0.895,0.998,-0.432,-0.938,0.000,0.000,0.000,0.000,0,0,0,0,7,255,0,250,0,0,-0.827,0.313,-13.515,-0.827,0.313,-13.515
3344.800,0.992,-0.018,-0.008,0.123,77,85,61,63,25,0,35,22,0,0.000,0,0,387.550,1.649,218.740,298.280,-115.660,0.146,-0.137,0.909,1.118,-1.212,-0.972,0.000,0.000,0.000,0.000,0,0,0,0,7,255,0,250,0,0,-1.914,-1.191,-14.058,-1.914,-1.191,-14.058
3349.799,0.991,-0.028,-0.018,0.127,55,64,85,37,49,11,64,28,0,0.000,0,0,327.275,2.300,197.980,239.080,-103.700,0.169,-0.137,0.959,1.164,-1.984,-0.972,0.000,0.000,0.000,0.000,0,0,0,0,7,255,0,250,0,0,-2.887,-2.406,-14.526,-2.887,-2.406,-14.526
3354.799,0.991,-0.036,-0.024,0.130,55,77,77,30,39,2,63,25,0,0.000,0,0,254.377,2.741,164.300,175.360,-83.440,0.208,-0.148,0.949,1.530,-2.274,-0.744,0.000,0.000,0.000,0.000,0,0,0,0,7,255,0,250,0,0,-3.688,-3.304,-14.893,-3.688,-3.304,-14.893
3359.799,0.990,-0.042,-0.029,0.133,86,107,59,73,16,0,37,47,0,0.000,0,0,185.649,2.782,131.760,114.380,-63.420,0.148,-0.119,0.926,1.530,-2.324,-0.744,0.000,0.000,0.000,0.000,0,0,0,0,7,255,0,250,0,0,-4.327,-3.896,-15.170,-4.327,-3.896,-15.170
3364.800,0.989,-0.047,-0.030,0.135,83,93,67,52,5,7,37,20,0,0.000,0,0,124.443,2.766,104.000,50.900,-45.600,0.099,-0.068,0.833,1.500,-2.324,-0.962,0.000,0.000,0.000,0.000,0,0,0,0,7,255,0,250,0,0,-4.830,-4.167,-15.377,-4.830,-4.167,-15.377
3369.799,0.989,-0.050,-0.030,0.137,99,85,70,67,33,0,70,44,0,0.000,0,0,94.483,2.065,88.860,-8.800,-30.880,0.079,-0.054,0.786,1.142,-1.720,-1.810,0.000,0.000,0.000,0.000,0,0,0,0,7,255,0,250,0,0,-5.261,-4.136,-15.535,-5.261,-4.136,-15.535
3374.799,0.989,-0.054,-0.027,0.138,59,78,81,41,29,0,61,18,0,0.000,0,0,102.720,1.814,82.940,-57.920,-17.820,0.076,-0.018,0.780,0.958,-1.540,-2.258,0.000,0.000,0.000,0.000,0,0,0,0,7,255,0,250,0,0,-5.665,-3.856,-15.652,-5.665,-3.856,-15.652
3379.799,0.989,-0.057,-0.022,0.138,46,91,68,41,45,0,68,9,0,0.000,0,0,127.538,1.564,83.920,-95.820,-6.480,0.077,0.024,0.811,0.958,-1.236,-2.258,0.000,0.000,0.000,0.000,0,0,0,0,7,255,0,250,0,0,-6.077,-3.381,-15.733,-6.077,-3.381,-15.733
3384.799,0.988,-0.060,-0.016,0.138,53,87,81,39,39,2,77,14,0,0.000,0,0,154.360,1.364,88.000,-126.780,3.120,0.089,0.075,0.845,1.014,-0.912,-1.930,0.000,0.000,0.000,0.000,0,0,0,0,7,255,0,250,0,0,-6.512,-2.749,-15.788,-6.512,-2.749,-15.788
3389.799,0.988,-0.062,-0.009,0.138,83,63,83,77,11,0,50,40,0,0.000,0,0,179.251,1.291,82.500,-158.580,13.300,0.097,0.110,0.850,1.168,-0.550,-1.540,0.000,0.000,0.000,0.000,0,0,0,0,7,255,0,250,0,0,-6.921,-1.953,-15.814,-6.921,-1.953,-15.814
3394.803,0.988,-0.064,0.000,0.138,75,104,55,39,0,0,31,19,0,0.000,0,0,209.332,1.279,60.540,-198.480,27.580,0.107,0.084,0.835,1.168,-0.522,-1.540,0.000,0.000,0.000,0.000,0,0,0,0,7,255,0,250,0,0,-7.222,-0.949,-15.800,-7.222,-0.949,-15.800
3399.799,0.989,-0.063,0.011,0.136,50,91,75,43,23,0,35,21,0,0.000,0,0,245.899,1.247,32.580,-239.500,45.220,0.145,0.033,0.829,1.132,-0.522,-1.598,0.000,0.000,0.000,0.000,0,0,0,0,7,255,0,250,0,0,-7.383,0.267,-15.728,-7.383,0.267,-15.728
3404.801,0.989,-0.062,0.023,0.135,78,92,56,37,33,2,48,14,0,0.000,0,0,267.400,1.203,6.040,-261.600,55.060,0.054,0.203,1.576,1.084,-0.522,-1.598,0.000,0.000,0.000,0.000,0,0,0,0,7,255,0,250,0,0,-7.409,1.601,-15.623,-7.409,1.601,-15.623
3409.799,0.989,-0.057,0.024,0.136,49,59,99,28,19,0,60,37,0,0.000,0,0,132.630,0.098,-118.360,-52.560,-28.620,-0.088,1.013,3.657,0.088,-0.042,5.786,0.000,0.000,0.000,0.000,0,0,0,0,7,255,0,250,0,0,-6.820,1.844,-15.798,-6.820,1.844,-15.798
3414.799,0.989,-0.050,0.024,0.138,63,61,79,33,21,0,61,39,0,0.000,0,0,167.976,0.446,-163.400,-25.580,-29.360,-0.080,-0.171,0.453,-0.444,-0.042,5.786,0.000,0.000,0.000,0.000,0,0,0,0,7,255,0,250,0,0,-6.006,1.956,-15.958,-6.006,1.956,-15.958
3419.799,0.989,-0.045,0.026,0.138,69,77,83,46,45,0,85,24,0,0.000,0,0,114.510,2.328,-103.100,-49.440,6.220,-0.169,-0.282,1.129,-1.476,-1.800,0.876,0.000,0.000,0.000,0.000,0,0,0,0,7,255,0,250,0,0,-5.488,2.206,-15.952,-5.488,2.206,-15.952
3424.799,0.989,-0.042,0.028,0.137,51,63,76,37,31,0,59,16,0,0.000,0,0,87.489,3.133,-60.860,-62.080,9.820,0.094,-0.174,1.193,-1.476,-2.764,0.876,0.000,0.000,0.000,0.000,0,0,0,0,7,255,0,250,0,0,-5.180,2.520,-15.932,-5.180,2.520,-15.932
3429.799,0.989,-0.040,0.031,0.137,52,67,83,39,51,0,64,12,0,0.000,0,0,77.107,3.038,-18.880,-72.880,16.660,-0.006,-0.180,1.024,-1.262,-2.764,0.876,0.000,0.000,0.000,0.000,0,0,0,0,7,255,0,250,0,0,-5.081,2.891,-15.882,-5.081,2.891,-15.882
3434.799,0.989,-0.040,0.035,0.136,47,81,72,31,29,0,84,27,0,0.000,0,0,81.975,2.416,8.160,-78.380,22.580,0.082,-0.097,1.063,-0.354,-2.390,0.526,0.000,0.000,0.000,0.000,0,0,0,0,7,255,0,250,0,0,-5.116,3.293,-15.804,-5.116,3.293,-15.804
3439.799,0.989,-0.041,0.038,0.135,87,105,55,67,29,0,53,31,0,0.000,0,0,84.550,1.886,27.820,-75.860,24.900,0.117,-0.061,1.018,-0.312,-1.860,0.130,0.000,0.000,0.000,0.000,0,0,0,0,7,255,0,250,0,0,-5.247,3.682,-15.714,-5.247,3.682,-15.714
3444.800,0.989,-0.042,0.042,0.134,63,69,77,58,43,0,47,44,0,0.000,0,0,91.067,1.592,44.420,-72.940,31.620,0.125,-0.042,0.930,0.084,-1.590,0.130,0.000,0.000,0.000,0.000,0,0,0,0,7,255,0,250,0,0,-5.458,4.061,-15.591,-5.458,4.061,-15.591
3449.799,0.989,-0.044,0.045,0.133,82,94,54,87,18,0,55,49,0,0.000,0,0,81.092,1.398,41.800,-63.120,29.060,0.212,0.083,0.909,0.214,-1.382,-0.702,0.000,0.000,0.000,0.000,0,0,0,0,7,255,0,250,0,0,-5.657,4.390,-15.476,-5.657,4.390,-15.476
3454.799,0.989,-0.044,0.047,0.132,80,92,48,43,1,0,39,23,0,0.000,0,0,55.053,1.389,16.220,-48.340,20.760,0.273,0.117,0.893,1.320,-0.432,-0.726,0.000,0.000,0.000,0.000,0,0,0,0,7,255,0,250,0,0,-5.729,4.642,-15.397,-5.729,4.642,-15.397
3459.799,0.989,-0.043,0.048,0.131,85,101,47,67,37,0,37,39,0,0.000,0,0,42.307,2.007,-7.040,-32.480,26.180,0.293,0.085,0.928,1.960,-0.432,-0.726,0.000,0.000,0.000,0.000,0,0,0,0,7,255,0,250,0,0,-5.682,4.836,-15.284,-5.682,4.836,-15.284
3464.799,0.989,-0.043,0.049,0.129,69,87,80,37,35,10,63,10,0,0.000,0,0,37.325,2.055,-13.200,-13.300,32.280,0.244,0.053,0.887,1.960,-0.616,-0.790,0.000,0.000,0.000,0.000,0,0,0,0,7,255,0,250,0,0,-5.596,4.935,-15.130,-5.596,4.935,-15.130
3469.799,0.990,-0.042,0.049,0.128,81,69,97,71,24,0,56,41,0,0.000,0,0,37.009,1.614,-19.180,5.440,31.180,0.192,0.071,0.900,1.492,-0.616,-0.822,0.000,0.000,0.000,0.000,0,0,0,0,7,255,0,250,0,0,-5.483,4.936,-14.972,-5.483,4.936,-14.972
3474.799,0.990,-0.040,0.048,0.127,97,106,53,37,33,1,41,24,0,0.000,0,0,43.833,1.122,-31.880,24.540,17.400,0.148,0.083,0.893,1.036,-0.430,-0.920,0.000,0.000,0.000,0.000,0,0,0,0,7,255,0,250,0,0,-5.313,4.827,-14.874,-5.313,4.827,-14.874
3479.799,0.990,-0.039,0.046,0.127,64,57,79,73,10,0,73,58,0,0.000,0,0,61.982,0.826,-41.760,45.720,-2.740,0.156,0.076,0.884,0.790,-0.242,-0.920,0.000,0.000,0.000,0.000,0,0,0,0,7,255,0,250,0,0,-5.101,4.599,-14.867,-5.101,4.599,-14.867
3484.799,0.990,-0.037,0.042,0.128,77,92,59,42,41,0,52,13,0,0.000,0,0,84.912,0.826,-56.600,62.440,-10.380,0.226,0.080,0.926,0.790,-0.242,-0.920,0.000,0.000,0.000,0.000,0,0,0,0,7,255,0,250,0,0,-4.817,4.284,-14.892,-4.817,4.284,-14.892
3489.799,0.990,-0.034,0.039,0.128,44,54,76,59,21,0,54,29,0,0.000,0,0,108.219,1.348,-72.340,79.040,-15.200,0.195,0.096,0.904,1.326,-0.242,-0.784,0.000,0.000,0.000,0.000,0,0,0,0,7,255,0,250,0,0,-4.457,3.885,-14.936,-4.457,3.885,-14.936
3494.799,0.991,-0.031,0.034,0.129,48,59,79,33,33,1,59,15,0,0.000,0,0,132.554,1.358,-89.480,96.180,-17.700,0.190,0.086,0.899,1.352,-0.126,-0.784,0.000,0.000,0.000,0.000,0,0,0,0,7,255,0,250,0,0,-4.010,3.400,-14.989,-4.010,3.400,-14.989
3499.799,0.991,-0.027,0.028,0.130,53,63,83,67,40,17,60,30,0,0.000,0,0,158.494,1.358,-106.940,115.360,-19.400,0.195,0.079,0.897,1.352,-0.126,-0.854,0.000,0.000,0.000,0.000,0,0,0,0,7,255,0,250,0,0,-3.476,2.819,-15.048,-3.476,2.819,-15.048
3504.800,0.991,-0.022,0.022,0.131,91,90,48,38,45,0,48,10,0,0.000,0,0,189.019,1.360,-128.740,136.960,-19.900,0.177,0.029,0.868,1.352,-0.150,-0.892,0.000,0.000,0.000,0.000,0,0,0,0,7,255,0,250,0,0,-2.833,2.130,-15.110,-2.833,2.130,-15.110
3509.799,0.991,-0.016,0.014,0.132,89,105,55,64,17,0,31,51,0,0.000,0,0,223.252,1.423,-152.900,161.980,-15.020,0.173,-0.006,0.928,1.332,-0.502,-0.892,0.000,0.000,0.000,0.000,0,0,0,0,7,255,0,250,0,0,-2.067,1.319,-15.151,-2.067,1.319,-15.151
3514.799,0.991,-0.014,0.005,0.131,49,92,89,57,45,16,76,10,0,0.000,0,0,207.045,1.537,-69.460,194.760,10.560,0.314,-0.509,1.124,1.332,-0.766,-0.676,0.000,0.000,0.000,0.000,0,0,0,0,7,255,0,250,0,0,-1.716,0.348,-15.066,-1.716,0.348,-15.066
3519.799,0.992,-0.026,-0.002,0.127,61,60,75,41,31,0,68,37,0,0.000,0,0,325.285,6.070,240.840,200.200,87.900,0.158,-0.629,0.968,1.332,-5.922,-0.660,0.000,0.000,0.000,0.000,0,0,0,0,7,255,0,250,0,0,-2.919,-0.633,-14.586,-2.919,-0.633,-14.586
3524.799,0.992,-0.033,-0.009,0.121,47,73,80,39,39,2,69,53,0,0.000,0,0,262.086,5.922,137.800,181.580,129.340,-0.341,-0.105,2.234,-0.074,-5.922,1.076,0.000,0.000,0.000,0.000,0,0,0,0,7,255,0,250,0,0,-3.619,-1.502,-13.889,-3.619,-1.502,-13.889
3529.799,0.993,-0.026,-0.010,0.117,53,71,84,30,43,11,64,16,0,0.000,0,0,191.285,2.887,-168.520,5.440,90.340,-0.264,0.040,0.543,-2.352,-1.674,-0.660,0.000,0.000,0.000,0.000,0,0,0,0,7,255,0,250,0,0,-2.786,-1.503,-13.436,-2.786,-1.503,-13.436
3534.799,0.993,-0.025,-0.010,0.113,51,73,75,72,22,0,33,39,0,0.000,0,0,90.853,2.434,-14.840,2.440,89.600,-0.113,0.064,0.464,-2.352,0.628,-4.404,0.000,0.000,0.000,0.000,0,0,0,0,7,255,0,250,0,0,-2.721,-1.493,-12.988,-2.721,-1.493,-12.988
3539.799,0.993,-0.028,-0.008,0.111,73,89,72,74,16,0,59,38,0,0.000,0,0,112.177,2.434,82.700,-39.180,64.880,-0.361,-0.072,1.208,-2.352,0.628,-4.404,0.000,0.000,0.000,0.000,0,0,0,0,7,255,0,250,0,0,-3.140,-1.280,-12.674,-3.140,-1.280,-12.674
3544.799,0.994,-0.029,-0.007,0.109,52,61,82,37,17,0,59,33,0,0.000,0,0,51.688,2.089,18.660,-25.700,40.780,-0.252,0.160,1.200,-1.992,0.628,2.064,0.000,0.000,0.000,0.000,0,0,0,0,7,255,0,250,0,0,-3.235,-1.139,-12.478,-3.235,-1.139,-12.478
3549.800,0.994,-0.030,-0.007,0.108,87,87,61,40,50,0,33,12,0,0.000,0,0,17.218,2.413,9.880,10.120,9.820,-0.079,0.224,1.013,-1.992,1.362,2.064,0.000,0.000,0.000,0.000,0,0,0,0,7,255,0,250,0,0,-3.324,-1.199,-12.425,-3.324,-1.199,-12.425
3554.799,0.994,-0.030,-0.007,0.109,45,75,83,27,57,5,81,19,0,0.000,0,0,8.713,1.377,-6.480,-5.440,-2.080,-0.031,0.076,0.982,-0.200,1.362,0.254,0.000,0.000,0.000,0.000,0,0,0,0,7,255,0,250,0,0,-3.294,-1.175,-12.437,-3.294,-1.175,-12.437
3559.799,0.994,-0.029,-0.007,0.109,51,58,79,41,17,0,89,36,0,0.000,0,0,20.313,0.221,-19.900,-4.040,0.540,0.040,0.024,1.052,-0.064,0.212,0.254,0.000,0.000,0.000,0.000,0,0,0,0,7,255,0,250,0,0,-3.185,-1.142,-12.439,-3.185,-1.142,-12.439
3564.799,0.994,-0.028,-0.007,0.109,84,78,71,60,27,0,37,54,0,0.000,0,0,15.385,0.533,-15.260,1.960,0.060,0.046,-0.113,0.984,0.276,-0.456,-0.146,0.000,0.000,0.000,0.000,0,0,0,0,7,255,0,250,0,0,-3.055,-1.133,-12.439,-3.055,-1.133,-12.439
3569.800,0.994,-0.027,-0.007,0.109,89,92,51,61,21,0,33,33,0,0.000,0,0,4.978,1.740,1.520,4.700,-0.620,-0.001,-0.133,0.980,0.276,-1.718,-0.236,0.000,0.000,0.000,0.000,0,0,0,0,7,255,0,250,0,0,-3.005,-1.151,-12.441,-3.005,-1.151,-12.441
3574.799,0.994,-0.027,-0.007,0.109,89,86,55,71,26,0,39,24,0,0.000,0,0,12.165,1.731,12.140,0.740,0.240,-0.044,-0.031,0.981,-0.212,-1.718,-0.236,0.000,0.000,0.000,0.000,0,0,0,0,7,255,0,250,0,0,-3.038,-1.160,-12.441,-3.038,-1.160,-12.441
3579.799,0.994,-0.028,-0.007,0.109,51,71,77,30,31,0,68,41,0,0.000,0,0,9.763,0.776,8.480,-4.820,0.420,-0.010,0.040,1.011,-0.212,-0.746,-0.204,0.000,0.000,0.000,0.000,0,0,0,0,7,255,0,250,0,0,-3.074,-1.132,-12.442,-3.074,-1.132,-12.442
3584.799,0.994,-0.028,-0.007,0.109,71,60,77,79,16,0,67,47,0,0.000,0,0,3.422,0.274,-1.240,-3.180,0.240,0.044,0.042,1.030,0.064,-0.266,0.116,0.000,0.000,0.000,0.000,0,0,0,0,7,255,0,250,0,0,-3.062,-1.100,-12.444,-3.062,-1.100,-12.444
3589.799,0.994,-0.027,-0.007,0.109,45,67,59,45,9,0,51,19,0,0.000,0,0,7.516,0.479,-7.040,2.620,-0.240,0.036,-0.008,1.017,0.398,-0.266,0.136,0.000,0.000,0.000,0.000,0,0,0,0,7,255,0,250,0,0,-3.006,-1.097,-12.444,-3.006,-1.097,-12.444
3594.799,0.994,-0.027,-0.007,0.109,65,99,47,56,39,0,35,28,0,0.000,0,0,6.425,0.810,-4.900,4.140,-0.360,-0.012,-0.058,0.991,0.398,-0.706,0.136,0.000,0.000,0.000,0.000,0,0,0,0,7,255,0,250,0,0,-2.946,-1.115,-12.443,-2.946,-1.115,-12.443
3599.801,0.994,-0.026,-0.007,0.109,51,62,71,42,37,0,57,33,0,0.000,0,0,1.480,1.048,1.460,0.240,0.000,-0.028,-0.061,0.975,-0.158,-1.036,-0.128,0.000,0.000,0.000,0.000,0,0,0,0,7,255,0,250,0,0,-2.918,-1.117,-12.443,-2.918,-1.117,-12.443
3604.799,0.994,-0.026,-0.007,0.109,73,67,81,74,18,0,47,55,0,0.000,0,0,5.815,1.048,4.820,-3.240,0.300,-0.001,-0.020,1.001,-0.158,-1.036,-0.128,0.000,0.000,0.000,0.000,0,0,0,0,7,255,0,250,0,0,-2.918,-1.095,-12.444,-2.918,-1.095,-12.444
3609.799,0.994,-0.026,-0.007,0.109,87,89,51,61,49,0,35,12,0,0.000,0,0,3.392,0.716,2.800,-1.900,0.240,0.030,0.011,1.020,0.018,-0.716,-0.010,0.000,0.000,0.000,0.000,0,0,0,0,7,255,0,250,0,0,-2.918,-1.071,-12.445,-2.918,-1.071,-12.445
3614.799,0.994,-0.026,-0.007,0.109,87,117,51,69,27,0,41,26,0,0.000,0,0,2.128,0.595,-1.420,1.580,-0.120,0.021,0.006,1.015,0.290,-0.520,0.132,0.000,0.000,0.000,0.000,0,0,0,0,7,255,0,250,0,0,-2.895,-1.068,-12.446,-2.895,-1.068,-12.446
3619.799,0.994,-0.026,-0.007,0.109,77,87,75,81,19,0,53,26,0,0.000,0,0,3.885,0.595,-3.240,2.140,-0.120,-0.007,-0.024,0.997,0.290,-0.520,0.132,0.000,0.000,0.000,0.000,0,0,0,0,7,255,0,250,0,0,-2.854,-1.074,-12.445,-2.854,-1.074,-12.445
3624.799,0.994,-0.025,-0.007,0.109,67,76,64,61,30,5,77,34,0,0.000,0,0,0.982,0.729,-0.980,-0.060,0.000,-0.012,-0.043,0.990,-0.046,-0.728,-0.052,0.000,0.000,0.000,0.000,0,0,0,0,7,255,0,250,0,0,-2.818,-1.071,-12.445,-2.818,-1.071,-12.445
3629.799,0.994,-0.025,-0.007,0.109,57,83,88,51,27,0,69,47,0,0.000,0,0,2.648,0.831,2.240,-1.400,0.180,0.005,-0.033,0.998,-0.046,-0.830,-0.052,0.000,0.000,0.000,0.000,0,0,0,0,7,255,0,250,0,0,-2.801,-1.057,-12.446,-2.801,-1.057,-12.446
3634.799,0.994,-0.025,-0.006,0.109,88,101,59,57,43,0,42,35,0,0.000,0,0,2.565,0.832,2.500,-0.560,0.120,0.016,-0.006,1.012,0.050,-0.830,-0.050,0.000,0.000,0.000,0.000,0,0,0,0,7,255,0,250,0,0,-2.795,-1.047,-12.447,-2.795,-1.047,-12.447
3639.800,0.994,-0.025,-0.006,0.109,53,75,84,69,18,0,69,43,0,0.000,0,0,0.800,0.622,-0.020,0.800,0.000,0.009,0.002,1.009,0.164,-0.600,0.072,0.000,0.000,0.000,0.000,0,0,0,0,7,255,0,250,0,0,-2.751,-1.027,-12.448,-2.751,-1.027,-12.448
3644.799,0.994,-0.025,-0.006,0.109,47,60,75,71,9,0,56,47,0,0.000,0,0,2.209,0.622,-2.080,0.740,0.060,0.000,-0.018,1.002,0.164,-0.600,0.072,0.000,0.000,0.000,0.000,0,0,0,0,7,255,0,250,0,0,-2.718,-1.025,-12.448,-2.718,-1.025,-12.448
3649.799,0.994,-0.024,-0.006,0.109,85,107,54,77,0,0,37,55,0,0.000,0,0,1.043,0.661,-1.040,-0.060,0.060,0.001,-0.035,0.995,0.034,-0.660,-0.002,0.000,0.000,0.000,0.000,0,0,0,0,7,255,0,250,0,0,-2.685,-1.019,-12.448,-2.685,-1.019,-12.448
3654.799,0.994,-0.024,-0.006,0.109,61,105,59,41,35,0,33,12,0,0.000,0,0,1.320,0.783,1.280,-0.300,0.120,0.006,-0.030,1.000,0.034,-0.782,-0.022,0.000,0.000,0.000,0.000,0,0,0,0,7,255,0,250,0,0,-2.665,-1.011,-12.448,-2.665,-1.011,-12.448
3659.799,0.994,-0.024,-0.006,0.109,53,75,88,41,56,0,67,9,0,0.000,0,0,1.708,0.785,1.700,-0.120,0.120,0.006,-0.012,1.005,0.068,-0.782,-0.022,0.000,0.000,0.000,0.000,0,0,0,0,7,255,0,250,0,0,-2.653,-1.004,-12.449,-2.653,-1.004,-12.449
3664.799,0.994,-0.024,-0.006,0.109,49,63,85,35,33,0,69,9,0,0.000,0,0,0.170,0.623,0.120,0.120,0.000,0.007,-0.006,1.007,0.104,-0.614,0.034,0.000,0.000,0.000,0.000,0,0,0,0,7,255,0,250,0,0,-2.604,-0.983,-12.450,-2.604,-0.983,-12.450
3669.799,0.994,-0.023,-0.006,0.109,74,86,77,38,45,0,71,16,0,0.000,0,0,1.323,0.623,-1.300,0.240,0.060,0.006,-0.020,1.003,0.104,-0.614,0.034,0.000,0.000,0.000,0.000,0,0,0,0,7,255,0,250,0,0,-2.575,-0.975,-12.450,-2.575,-0.975,-12.450
3674.799,0.994,-0.023,-0.006,0.109,48,55,95,67,23,0,63,44,0,0.000,0,0,0.612,0.677,-0.560,0.240,0.060,0.004,-0.028,0.999,0.082,-0.672,0.008,0.000,0.000,0.000,0.000,0,0,0,0,7,255,0,250,0,0,-2.506,-0.957,-12.451,-2.506,-0.957,-12.451
3679.799,0.994,-0.022,-0.006,0.109,54,95,46,43,0,1,34,28,0,0.000,0,0,0.849,0.706,0.840,0.000,0.120,0.002,-0.026,1.001,0.050,-0.704,-0.012,0.000,0.000,0.000,0.000,0,0,0,0,7,255,0,250,0,0,-2.487,-0.950,-12.451,-2.487,-0.950,-12.451
3684.799,0.994,-0.022,-0.006,0.109,87,97,53,57,35,0,35,22,0,0.000,0,0,1.050,0.706,1.020,-0.240,0.060,0.004,-0.014,1.004,0.050,-0.704,-0.012,0.000,0.000,0.000,0.000,0,0,0,0,7,255,0,250,0,0,-2.472,-0.944,-12.451,-2.472,-0.944,-12.451
3689.799,0.994,-0.022,-0.006,0.109,77,104,47,43,28,0,40,9,0,0.000,0,0,0.087,0.599,-0.020,-0.060,0.060,0.007,-0.011,1.006,0.078,-0.594,0.026,0.000,0.000,0.000,0.000,0,0,0,0,7,255,0,250,0,0,-2.421,-0.923,-12.452,-2.421,-0.923,-12.452
3694.799,0.994,-0.021,-0.006,0.109,77,75,91,83,31,6,66,47,0,0.000,0,0,0.780,0.600,-0.740,0.240,0.060,0.007,-0.020,1.005,0.088,-0.594,0.030,0.000,0.000,0.000,0.000,0,0,0,0,7,255,0,250,0,0,-2.359,-0.903,-12.453,-2.359,-0.903,-12.453
3699.801,0.994,-0.021,-0.006,0.109,103,101,77,77,31,0,45,43,0,0.000,0,0,0.366,0.636,-0.200,0.300,0.060,0.003,-0.024,1.001,0.088,-0.630,0.030,0.000,0.000,0.000,0.000,0,0,0,0,7,255,0,250,0,0,-2.297,-0.887,-12.454,-2.297,-0.887,-12.454
3704.799,0.994,-0.020,-0.005,0.109,69,69,74,37,41,0,67,21,0,0.000,0,0,0.606,0.637,0.600,-0.060,0.060,0.002,-0.023,1.000,0.040,-0.636,-0.004,0.000,0.000,0.000,0.000,0,0,0,0,7,255,0,250,0,0,-2.240,-0.871,-12.454,-2.240,-0.871,-12.454
3709.799,0.994,-0.020,-0.005,0.109,75,97,51,60,29,0,37,20,0,0.000,0,0,0.649,0.637,0.600,-0.240,0.060,0.006,-0.015,1.003,0.040,-0.636,-0.004,0.000,0.000,0.000,0.000,0,0,0,0,7,255,0,250,0,0,-2.192,-0.853,-12.455,-2.192,-0.853,-12.455
3714.799,0.994,-0.019,-0.005,0.109,79,99,47,71,10,0,40,27,0,0.000,0,0,0.104,0.559,0.060,0.060,0.060,0.007,-0.015,1.006,0.086,-0.552,0.014,0.000,0.000,0.000,0.000,0,0,0,0,7,255,0,250,0,0,-2.142,-0.834,-12.456,-2.142,-0.834,-12.456
3719.799,0.994,-0.019,-0.005,0.109,93,64,57,57,24,0,37,44,0,0.000,0,0,0.439,0.559,-0.320,0.300,0.000,0.004,-0.019,1.003,0.086,-0.552,0.014,0.000,0.000,0.000,0.000,0,0,0,0,7,255,0,250,0,0,-2.089,-0.817,-12.456,-2.089,-0.817,-12.456
3724.799,0.994,-0.018,-0.005,0.109,87,89,79,64,17,0,44,45,0,0.000,0,0,0.181,0.571,-0.020,0.180,0.000,0.003,-0.022,1.002,0.062,-0.568,0.014,0.000,0.000,0.000,0.000,0,0,0,0,7,255,0,250,0,0,-2.033,-0.802,-12.457,-2.033,-0.802,-12.457
3729.799,0.994,-0.018,-0.005,0.109,81,103,47,43,35,6,62,25,0,0.000,0,0,0.424,0.576,0.420,-0.060,0.000,0.004,-0.021,1.003,0.050,-0.574,0.014,0.000,0.000,0.000,0.000,0,0,0,0,7,255,0,250,0,0,-1.979,-0.786,-12.457,-1.979,-0.786,-12.457
3734.799,0.994,-0.017,-0.005,0.109,87,85,60,71,29,0,38,27,0,0.000,0,0,0.441,0.576,0.420,-0.120,0.060,0.006,-0.016,1.004,0.050,-0.574,0.014,0.000,0.000,0.000,0.000,0,0,0,0,7,255,0,250,0,0,-1.931,-0.769,-12.458,-1.931,-0.769,-12.458
3739.799,0.994,-0.017,-0.005,0.109,85,72,74,71,39,0,33,39,0,0.000,0,0,0.191,0.526,-0.020,0.180,0.060,0.007,-0.015,1.003,0.080,-0.520,0.016,0.000,0.000,0.000,0.000,0,0,0,0,7,255,0,250,0,0,-1.884,-0.751,-12.459,-1.884,-0.751,-12.459
3744.799,0.994,-0.017,-0.005,0.109,69,78,48,39,31,0,55,22,0,0.000,0,0,0.269,0.526,-0.200,0.180,0.000,0.005,-0.019,1.003,0.080,-0.520,0.022,0.000,0.000,0.000,0.000,0,0,0,0,7,255,0,250,0,0,-1.835,-0.735,-12.459,-1.835,-0.735,-12.459
3749.800,0.994,-0.016,-0.005,0.109,61,109,71,39,37,0,75,11,0,0.000,0,0,0.134,0.532,0.060,0.120,0.000,0.005,-0.022,1.001,0.062,-0.528,0.016,0.000,0.000,0.000,0.000,0,0,0,0,7,255,0,250,0,0,-1.784,-0.719,-12.460,-1.784,-0.719,-12.460
3754.799,0.994,-0.016,-0.004,0.109,79,96,61,63,17,3,35,39,0,0.000,0,0,0.360,0.531,0.360,0.000,0.000,0.005,-0.020,1.002,0.058,-0.528,0.012,0.000,0.000,0.000,0.000,0,0,0,0,7,255,0,250,0,0,-1.735,-0.704,-12.460,-1.735,-0.704,-12.460
3759.799,0.994,-0.015,-0.004,0.109,74,57,64,75,22,0,31,59,0,0.000,0,0,0.365,0.521,0.360,0.000,0.060,0.006,-0.017,1.003,0.058,-0.518,0.012,0.000,0.000,0.000,0.000,0,0,0,0,7,255,0,250,0,0,-1.689,-0.688,-12.461,-1.689,-0.688,-12.461
3764.799,0.994,-0.015,-0.004,0.109,75,60,91,64,22,0,40,59,0,0.000,0,0,0.147,0.491,0.060,0.120,0.060,0.006,-0.018,1.003,0.070,-0.486,0.018,0.000,0.000,0.000,0.000,0,0,0,0,7,255,0,250,0,0,-1.644,-0.672,-12.461,-1.644,-0.672,-12.461
3769.801,0.994,-0.015,-0.004,0.109,77,119,83,44,37,0,57,17,0,0.000,0,0,1.726,0.491,0.240,-1.400,0.980,0.014,-0.047,0.961,0.072,-0.486,0.018,0.000,0.000,0.000,0.000,0,0,0,0,7,255,0,250,0,0,-1.621,-0.658,-12.457,-1.621,-0.658,-12.457
3774.799,0.994,-0.014,-0.004,0.108,84,99,53,61,23,0,31,38,0,0.000,0,0,9.884,0.766,4.080,-7.080,5.560,0.130,-0.079,0.997,0.080,-0.762,-0.072,0.000,0.000,0.000,0.000,0,0,0,0,7,255,0,250,0,0,-1.607,-0.582,-12.431,-1.607,-0.582,-12.431
3779.799,0.994,-0.014,-0.002,0.107,59,87,71,45,29,0,57,12,0,0.000,0,0,34.952,1.728,2.860,-24.300,24.960,0.251,-0.072,1.091,1.120,-1.316,-0.072,0.000,0.000,0.000,0.000,0,0,0,0,7,255,0,250,0,0,-1.611,-0.436,-12.310,-1.611,-0.436,-12.310
3784.799,0.994,-0.014,-0.001,0.107,77,60,77,60,29,0,75,49,0,0.000,0,0,37.887,1.799,-12.340,-33.260,13.300,-0.106,-0.140,1.092,1.120,-1.408,0.852,0.000,0.000,0.000,0.000,0,0,0,0,7,255,0,250,0,0,-1.534,-0.274,-12.248,-1.534,-0.274,-12.248
3789.799,0.994,-0.012,0.002,0.106,80,84,77,59,9,0,51,53,0,0.000,0,0,81.901,2.018,-38.900,-70.740,13.800,-0.236,-0.284,1.185,-1.316,-1.530,0.864,0.000,0.000,0.000,0.000,0,0,0,0,7,255,0,250,0,0,-1.338,0.082,-12.188,-1.338,0.082,-12.188
3794.799,0.995,-0.008,0.007,0.103,87,89,51,69,49,0,44,25,0,0.000,0,0,154.014,2.593,-66.300,-124.080,62.680,-0.048,-0.224,1.268,-1.316,-2.234,1.744,0.000,0.000,0.000,0.000,0,0,0,0,7,255,0,250,0,0,-1.002,0.710,-11.887,-1.002,0.710,-11.887
3799.800,0.995,-0.003,0.014,0.100,85,89,81,61,31,0,56,49,0,0.000,0,0,211.630,2.493,-89.920,-175.360,77.140,0.275,-0.025,1.237,-1.106,-2.234,2.394,0.000,0.000,0.000,0.000,0,0,0,0,7,255,0,250,0,0,-0.542,1.593,-11.513,-0.542,1.593,-11.513
3804.799,0.995,0.003,0.023,0.098,75,87,58,33,29,0,61,35,0,0.000,0,0,254.207,2.282,-115.860,-218.020,60.540,0.271,0.046,1.252,2.126,-0.828,2.576,0.000,0.000,0.000,0.000,0,0,0,0,7,255,0,250,0,0,0.051,2.685,-11.215,0.051,2.685,-11.215
3809.799,0.995,0.008,0.034,0.095,85,93,73,83,24,0,41,45,0,0.000,0,0,280.084,2.189,-90.840,-256.280,67.200,0.237,-0.035,1.172,2.126,-0.522,2.394,0.000,0.000,0.000,0.000,0,0,0,0,7,255,0,250,0,0,0.527,3.965,-10.872,0.527,3.965,-10.872
3814.799,0.995,0.010,0.046,0.091,67,55,85,56,20,0,74,57,0,0.000,0,0,302.193,1.539,-22.840,-290.460,80.200,0.262,-0.023,1.107,1.492,-0.378,1.826,0.000,0.000,0.000,0.000,0,0,0,0,7,255,0,250,0,0,0.678,5.414,-10.454,0.678,5.414,-10.454
3819.799,0.994,0.010,0.060,0.088,57,63,78,40,43,0,75,43,0,0.000,0,0,326.870,1.502,43.020,-315.180,75.200,0.217,0.018,1.091,1.454,-0.378,1.244,0.000,0.000,0.000,0.000,0,0,0,0,7,255,0,250,0,0,0.508,6.986,-10.060,0.508,6.986,-10.060
3824.799,0.994,0.008,0.075,0.085,86,77,73,83,11,0,39,67,0,0.000,0,0,348.549,0.853,81.840,-333.080,62.020,0.141,0.029,1.043,0.844,0.122,1.068,0.000,0.000,0.000,0.000,0,0,0,0,7,255,0,250,0,0,0.145,8.651,-9.737,0.145,8.651,-9.737
3829.799,0.992,0.005,0.090,0.082,73,88,45,35,5,6,29,12,0,0.000,0,0,364.354,0.208,96.120,-347.960,49.380,0.104,0.008,1.052,-0.120,0.170,0.526,0.000,0.000,0.000,0.000,0,0,0,0,7,255,0,250,0,0,-0.292,10.392,-9.489,-0.292,10.392,-9.489
3834.799,0.991,0.003,0.106,0.080,87,69,77,67,22,0,44,50,0,0.000,0,0,363.811,0.863,87.880,-350.780,39.860,0.119,-0.043,1.095,-0.846,0.170,0.526,0.000,0.000,0.000,0.000,0,0,0,0,7,255,0,250,0,0,-0.693,12.148,-9.302,-0.693,12.148,-9.302
3839.801,0.990,0.001,0.121,0.078,78,89,67,33,37,5,31,16,0,0.000,0,0,351.531,1.246,60.600,-344.240,37.420,0.146,-0.109,1.096,-1.190,-0.368,0.928,0.000,0.000,0.000,0.000,0,0,0,0,7,255,0,250,0,0,-0.956,13.873,-9.135,-0.956,13.873,-9.135
3844.799,0.988,0.002,0.136,0.076,47,62,77,41,51,18,71,29,0,0.000,0,0,339.735,1.632,18.780,-336.420,43.460,0.188,-0.154,1.059,-1.254,-1.044,0.928,0.000,0.000,0.000,0.000,0,0,0,0,7,255,0,250,0,0,-0.998,15.558,-8.940,-0.998,15.558,-8.940
3849.799,0.986,0.005,0.150,0.074,76,98,45,77,39,0,45,25,0,0.000,0,0,336.693,1.969,-26.740,-331.720,51.080,0.205,-0.190,0.968,-1.254,-1.518,0.666,0.000,0.000,0.000,0.000,0,0,0,0,7,255,0,250,0,0,-0.794,17.222,-8.701,-0.794,17.222,-8.701
3854.799,0.984,0.008,0.164,0.072,69,69,82,41,34,16,71,50,0,0.000,0,0,338.525,1.921,-54.400,-329.720,54.080,0.219,-0.149,0.869,-1.178,-1.518,-0.168,0.000,0.000,0.000,0.000,0,0,0,0,7,255,0,250,0,0,-0.438,18.874,-8.435,-0.438,18.874,-8.435
3859.799,0.982,0.013,0.177,0.070,87,84,62,70,5,0,39,39,0,0.000,0,0,336.053,1.691,-75.700,-322.640,55.720,0.274,-0.150,0.924,-0.936,-1.408,-0.372,0.000,0.000,0.000,0.000,0,0,0,0,7,255,0,250,0,0,0.041,20.489,-8.145,0.041,20.489,-8.145
3864.799,0.979,0.019,0.190,0.068,81,67,87,63,19,0,61,45,0,0.000,0,0,334.965,1.611,-108.720,-310.860,61.220,0.291,-0.142,0.908,-0.870,-1.356,-0.470,0.000,0.000,0.000,0.000,0,0,0,0,7,255,0,250,0,0,0.710,22.041,-7.806,0.710,22.041,-7.806
3869.799,0.977,0.026,0.203,0.066,95,98,62,60,35,5,43,16,0,0.000,0,0,338.589,1.581,-134.480,-304.020,64.260,0.282,-0.167,0.821,-0.870,-1.320,-0.470,0.000,0.000,0.000,0.000,0,0,0,0,7,255,0,250,0,0,1.532,23.556,-7.425,1.532,23.556,-7.425
3874.799,0.974,0.034,0.216,0.064,88,60,87,81,17,0,55,59,0,0.000,0,0,356.838,1.581,-147.220,-317.440,69.940,0.267,-0.195,0.682,-0.870,-1.320,-1.286,0.000,0.000,0.000,0.000,0,0,0,0,7,255,0,250,0,0,2.454,25.130,-6.981,2.454,25.130,-6.981
3879.799,0.971,0.042,0.229,0.062,73,91,67,62,34,0,30,10,0,0.000,0,0,359.778,1.585,-140.020,-323.480,72.080,0.249,-0.173,0.654,-0.878,-1.320,-2.570,0.000,0.000,0.000,0.000,0,0,0,0,7,255,0,250,0,0,3.371,26.728,-6.489,3.371,26.728,-6.489
3884.799,0.967,0.048,0.242,0.060,91,96,91,73,31,0,55,45,0,0.000,0,0,349.557,1.517,-118.420,-322.940,62.260,0.248,-0.093,0.698,-0.894,-1.226,-2.586,0.000,0.000,0.000,0.000,0,0,0,0,7,255,0,250,0,0,4.183,28.320,-6.019,4.183,28.320,-6.019
3889.799,0.964,0.054,0.255,0.058,79,80,104,64,0,0,51,55,0,0.000,0,0,327.987,1.195,-98.940,-309.760,42.840,0.311,-0.043,0.784,-1.160,-0.288,-2.586,0.000,0.000,0.000,0.000,0,0,0,0,7,255,0,250,0,0,4.867,29.847,-5.635,4.867,29.847,-5.635
3894.799,0.960,0.058,0.267,0.058,80,83,89,61,19,0,45,45,0,0.000,0,0,305.632,1.209,-87.900,-291.760,23.680,0.417,-0.030,0.887,-1.160,0.342,-1.618,0.000,0.000,0.000,0.000,0,0,0,0,7,255,0,250,0,0,5.456,31.290,-5.346,5.456,31.290,-5.346
3899.799,0.957,0.063,0.278,0.058,44,71,48,54,33,0,48,11,0,0.000,0,0,284.453,1.134,-88.640,-270.140,8.980,0.519,-0.044,0.936,-0.968,0.590,-0.260,0.000,0.000,0.000,0.000,0,0,0,0,7,255,0,250,0,0,6.014,32.631,-5.134,6.014,32.631,-5.134
3904.800,0.953,0.067,0.288,0.058,87,79,87,31,39,0,79,21,0,0.000,0,0,265.003,0.853,-95.780,-247.080,-2.080,0.598,-0.045,0.915,-0.608,0.598,0.660,0.000,0.000,0.000,0.000,0,0,0,0,7,255,0,250,0,0,6.577,33.861,-4.984,6.577,33.861,-4.984
3909.799,0.950,0.072,0.297,0.059,103,115,54,61,12,0,30,39,0,0.000,0,0,251.237,0.595,-100.480,-229.980,-11.540,0.607,-0.063,0.795,-0.074,0.590,0.660,0.000,0.000,0.000,0.000,0,0,0,0,7,255,0,250,0,0,7.137,35.010,-4.887,7.137,35.010,-4.887
3914.799,0.947,0.076,0.306,0.061,89,83,77,63,19,0,47,43,0,0.000,0,0,234.879,0.532,-97.060,-213.080,-18.560,0.628,-0.077,0.747,0.424,0.322,0.014,0.000,0.000,0.000,0.000,0,0,0,0,7,255,0,250,0,0,7.657,36.079,-4.831,7.657,36.079,-4.831
3919.799,0.944,0.080,0.314,0.062,83,61,88,56,25,0,40,39,0,0.000,0,0,213.161,0.736,-88.200,-192.500,-24.540,0.623,-0.048,0.656,0.662,0.322,-0.228,0.000,0.000,0.000,0.000,0,0,0,0,7,255,0,250,0,0,8.108,37.050,-4.818,8.108,37.050,-4.818
3924.799,0.941,0.083,0.321,0.064,83,71,84,71,20,0,48,44,0,0.000,0,0,197.835,1.057,-74.780,-180.720,-29.780,0.623,-0.060,0.627,1.030,0.236,-0.994,0.000,0.000,0.000,0.000,0,0,0,0,7,255,0,250,0,0,8.471,37.966,-4.840,8.471,37.966,-4.840
3929.799,0.939,0.086,0.328,0.065,77,91,57,59,24,0,56,29,0,0.000,0,0,179.820,1.104,-64.340,-164.980,-31.260,0.624,-0.042,0.602,1.046,0.352,-1.186,0.000,0.000,0.000,0.000,0,0,0,0,7,255,0,250,0,0,8.771,38.806,-4.879,8.771,38.806,-4.879
3934.799,0.936,0.088,0.334,0.067,53,67,72,37,33,0,48,37,0,0.000,0,0,163.477,1.120,-55.800,-150.200,-32.420,0.612,-0.042,0.605,1.046,0.400,-1.382,0.000,0.000,0.000,0.000,0,0,0,0,7,255,0,250,0,0,9.017,39.574,-4.935,9.017,39.574,-4.935
3939.799,0.934,0.090,0.339,0.068,56,62,72,38,29,1,56,40,0,0.000,0,0,145.184,0.981,-46.520,-134.280,-29.720,0.583,-0.070,0.625,0.896,0.400,-1.412,0.000,0.000,0.000,0.000,0,0,0,0,7,255,0,250,0,0,9.218,40.261,-4.988,9.218,40.261,-4.988
3944.800,0.932,0.092,0.344,0.070,72,71,45,59,21,0,31,19,0,0.000,0,0,120.608,0.606,-39.860,-111.020,-25.140,0.557,-0.068,0.704,0.408,0.448,-1.412,0.000,0.000,0.000,0.000,0,0,0,0,7,255,0,250,0,0,9.390,40.830,-5.033,9.390,40.830,-5.033
3949.799,0.930,0.093,0.347,0.071,86,87,51,61,21,0,31,53,0,0.000,0,0,91.636,0.607,-30.400,-83.380,-22.820,0.556,-0.071,0.703,-0.352,0.494,-1.014,0.000,0.000,0.000,0.000,0,0,0,0,7,255,0,250,0,0,9.506,41.261,-5.091,9.506,41.261,-5.091
3954.799,0.929,0.094,0.350,0.071,74,99,77,63,23,0,39,41,0,0.000,0,0,62.952,0.607,-16.980,-58.420,-16.180,0.571,-0.113,0.680,-0.352,0.494,-1.014,0.000,0.000,0.000,0.000,0,0,0,0,7,255,0,250,0,0,9.566,41.563,-5.133,9.566,41.563,-5.133
3959.799,0.929,0.094,0.351,0.071,71,87,53,55,27,0,48,10,0,0.000,0,0,34.917,0.424,-8.180,-33.760,-3.540,0.557,-0.170,0.716,-0.422,0.040,-1.014,0.000,0.000,0.000,0.000,0,0,0,0,7,255,0,250,0,0,9.624,41.726,-5.118,9.624,41.726,-5.118
3964.799,0.929,0.095,0.351,0.071,57,81,79,65,40,0,59,49,0,0.000,0,0,12.961,0.857,-6.720,3.720,10.440,0.543,-0.184,0.750,-0.754,-0.408,-0.796,0.000,0.000,0.000,0.000,0,0,0,0,7,255,0,250,0,0,9.715,41.675,-5.052,9.715,41.675,-5.052
3969.799,0.930,0.095,0.349,0.071,46,58,85,75,22,1,60,40,0,0.000,0,0,49.774,1.162,-5.260,44.620,21.420,0.550,-0.163,0.795,-1.088,-0.408,-0.624,0.000,0.000,0.000,0.000,0,0,0,0,7,255,0,250,0,0,9.804,41.433,-4.962,9.804,41.433,-4.962
3974.800,0.931,0.095,0.345,0.070,73,82,77,72,14,0,73,42,0,0.000,0,0,97.950,1.097,0.360,93.620,28.800,0.597,-0.118,0.833,-1.088,-0.138,-0.272,0.000,0.000,0.000,0.000,0,0,0,0,7,255,0,250,0,0,9.861,40.948,-4.879,9.861,40.948,-4.879
3979.799,0.934,0.095,0.339,0.069,97,89,75,71,39,0,42,57,0,0.000,0,0,154.118,1.012,6.220,149.840,35.520,0.657,-0.062,0.883,-0.952,0.344,0.256,0.000,0.000,0.000,0.000,0,0,0,0,7,255,0,250,0,0,9.872,40.180,-4.818,9.872,40.180,-4.818
3984.799,0.937,0.095,0.330,0.068,81,107,46,61,24,0,42,20,0,0.000,0,0,217.125,1.099,10.860,212.580,42.840,0.691,-0.033,0.906,-0.572,0.938,0.952,0.000,0.000,0.000,0.000,0,0,0,0,7,255,0,250,0,0,9.845,39.097,-4.780,9.845,39.097,-4.780
3989.799,0.941,0.094,0.318,0.067,77,88,44,55,28,0,29,30,0,0.000,0,0,283.532,1.094,15.180,278.320,51.940,0.706,-0.044,0.907,-0.196,1.076,1.302,0.000,0.000,0.000,0.000,0,0,0,0,7,255,0,250,0,0,9.786,37.683,-4.756,9.786,37.683,-4.756
3994.799,0.946,0.093,0.304,0.065,55,73,77,57,24,0,77,24,0,0.000,0,0,344.870,1.089,23.600,338.920,59.260,0.682,-0.070,0.849,0.168,1.076,1.302,0.000,0.000,0.000,0.000,0,0,0,0,7,255,0,250,0,0,9.675,35.963,-4.749,9.675,35.963,-4.749
3999.799,0.951,0.091,0.288,0.064,91,95,73,41,35,0,39,9,0,0.000,0,0,397.688,0.889,40.820,390.500,63.240,0.618,-0.107,0.792,0.582,0.672,0.852,0.000,0.000,0.000,0.000,0,0,0,0,7,255,0,250,0,0,9.464,33.986,-4.764,9.464,33.986,-4.764
4004.800,0.957,0.087,0.270,0.062,83,70,91,61,13,0,51,46,0,0.000,0,0,437.781,0.633,73.540,428.340,52.620,0.510,-0.098,0.700,0.606,0.184,0.076,0.000,0.000,0.000,0.000,0,0,0,0,7,255,0,250,0,0,9.044,31.831,-4.865,9.044,31.831,-4.865
4009.799,0.962,0.081,0.251,0.062,48,71,83,76,26,0,60,47,0,0.000,0,0,463.906,0.611,119.740,447.620,22.520,0.373,-0.132,0.652,0.606,0.076,-1.282,0.000,0.000,0.000,0.000,0,0,0,0,7,255,0,250,0,0,8.313,29.603,-5.128,8.313,29.603,-5.128
4014.799,0.968,0.073,0.233,0.062,70,67,63,67,18,0,30,33,0,0.000,0,0,486.543,0.358,166.620,456.900,-14.280,0.295,-0.172,0.671,-0.074,-0.350,-2.336,0.000,0.000,0.000,0.000,0,0,0,0,7,255,0,250,0,0,7.276,27.350,-5.561,7.276,27.350,-5.561
4019.799,0.973,0.062,0.214,0.064,72,78,90,67,35,0,43,45,0,0.000,0,0,509.469,0.821,210.680,460.880,-52.560,0.250,-0.134,0.670,-0.608,-0.552,-2.488,0.000,0.000,0.000,0.000,0,0,0,0,7,255,0,250,0,0,5.966,25.093,-6.148,5.966,25.093,-6.148
4024.799,0.977,0.050,0.195,0.066,75,85,60,69,19,0,45,43,0,0.000,0,0,529.720,0.821,246.260,460.760,-87.520,0.239,-0.028,0.668,-0.608,-0.552,-2.728,0.000,0.000,0.000,0.000,0,0,0,0,7,255,0,250,0,0,4.450,22.839,-6.853,4.450,22.839,-6.853
4029.799,0.981,0.035,0.176,0.070,73,69,85,39,37,0,69,41,0,0.000,0,0,571.774,0.446,292.900,477.240,-115.660,0.248,0.044,0.653,-0.350,0.276,-2.858,0.000,0.000,0.000,0.000,0,0,0,0,7,255,0,250,0,0,2.700,20.495,-7.634,2.700,20.495,-7.634
4034.799,0.985,0.018,0.156,0.073,71,61,72,59,30,0,39,59,0,0.000,0,0,624.904,0.722,347.400,502.320,-132.260,0.224,0.068,0.709,0.050,0.720,-2.858,0.000,0.000,0.000,0.000,0,0,0,0,7,255,0,250,0,0,0.709,18.006,-8.413,0.709,18.006,-8.413
4039.799,0.988,-0.002,0.134,0.077,55,64,91,56,33,0,60,21,0,0.000,0,0,666.473,0.722,384.380,526.860,-137.320,0.190,0.088,0.760,0.050,0.720,-2.520,0.000,0.000,0.000,0.000,0,0,0,0,7,255,0,250,0,0,-1.412,15.369,-9.113,-1.412,15.369,-9.113
4044.800,0.990,-0.022,0.112,0.080,88,89,49,71,31,8,41,21,0,0.000,0,0,691.350,0.708,404.720,544.000,-135.020,0.163,0.048,0.766,-0.074,0.704,-2.112,0.000,0.000,0.000,0.000,0,0,0,0,7,255,0,250,0,0,-3.572,12.624,-9.686,-3.572,12.624,-9.686
4049.799,0.992,-0.042,0.090,0.084,84,85,46,55,43,0,43,10,0,0.000,0,0,697.773,0.089,407.940,549.800,-134.880,0.114,0.041,0.814,-0.088,0.016,-2.110,0.000,0.000,0.000,0.000,0,0,0,0,7,255,0,250,0,0,-5.698,9.832,-10.145,-5.698,9.832,-10.145
4054.799,0.992,-0.061,0.067,0.087,85,72,59,69,17,0,33,41,0,0.000,0,0,681.708,0.422,388.840,543.220,-135.800,0.104,-0.027,0.847,-0.244,-0.344,-1.746,0.000,0.000,0.000,0.000,0,0,0,0,7,255,0,250,0,0,-7.693,7.057,-10.506,-7.693,7.057,-10.506
4059.799,0.992,-0.079,0.045,0.091,55,81,105,63,41,0,61,41,0,0.000,0,0,649.020,1.372,353.440,526.860,-136.840,0.107,-0.013,0.921,-0.244,-1.350,-1.550,0.000,0.000,0.000,0.000,0,0,0,0,7,255,0,250,0,0,-9.486,4.351,-10.791,-9.486,4.351,-10.791
4064.799,0.991,-0.094,0.024,0.094,78,91,47,53,30,5,31,16,0,0.000,0,0,603.579,1.659,303.820,502.440,-139.840,0.108,0.000,0.965,0.066,-1.658,-0.862,0.000,0.000,0.000,0.000,0,0,0,0,7,255,0,250,0,0,-11.015,1.756,-11.032,-11.015,1.756,-11.032
4069.799,0.989,-0.107,0.005,0.098,57,61,90,73,43,6,77,44,0,0.000,0,0,550.216,1.709,248.900,469.120,-143.920,0.104,0.070,0.978,0.414,-1.658,-0.490,0.000,0.000,0.000,0.000,0,0,0,0,7,255,0,250,0,0,-12.259,-0.685,-11.264,-12.259,-0.685,-11.264
4074.800,0.988,-0.116,-0.012,0.102,75,111,64,36,35,2,57,18,0,0.000,0,0,453.673,2.094,181.760,391.120,-140.740,0.441,0.141,1.583,0.840,-1.918,-0.306,0.000,0.000,0.000,0.000,0,0,0,0,7,255,0,250,0,0,-13.158,-2.747,-11.520,-13.158,-2.747,-11.520
4079.799,0.989,-0.108,0.000,0.100,86,89,45,69,33,0,31,42,0,0.000,0,0,346.991,5.512,-163.580,-290.460,96.320,0.673,-0.023,1.868,4.518,-3.158,5.398,0.000,0.000,0.000,0.000,0,0,0,0,7,255,0,250,0,0,-12.343,-1.223,-11.371,-12.343,-1.223,-11.371
4084.799,0.990,-0.104,0.010,0.098,89,57,87,59,22,0,48,39,0,0.000,0,0,252.660,5.512,-62.440,-237.800,58.220,-0.024,0.328,1.666,4.518,-3.158,6.838,0.000,0.000,0.000,0.000,0,0,0,0,7,255,0,250,0,0,-12.029,0.001,-11.338,-12.029,0.001,-11.338
4089.799,0.990,-0.100,0.003,0.101,56,89,49,72,9,0,39,41,0,0.000,0,0,191.587,4.001,-106.460,140.620,-74.820,0.363,0.480,1.606,3.996,-0.206,6.838,0.000,0.000,0.000,0.000,0,0,0,0,7,255,0,250,0,0,-11.493,-0.763,-11.561,-11.493,-0.763,-11.561
4094.799,0.990,-0.094,0.003,0.102,87,84,44,61,31,2,37,10,0,0.000,0,0,152.703,3.189,-151.800,4.140,-16.060,0.318,0.179,0.946,3.182,-0.206,6.522,0.000,0.000,0.000,0.000,0,0,0,0,7,255,0,250,0,0,-10.730,-0.798,-11.636,-10.730,-0.798,-11.636
4099.799,0.991,-0.087,0.004,0.101,77,61,47,61,16,0,42,9,0,0.000,0,0,159.204,3.210,-152.480,-38.220,25.200,-0.079,0.085,0.825,3.182,-0.424,-0.410,0.000,0.000,0.000,0.000,0,0,0,0,7,255,0,250,0,0,-9.967,-0.587,-11.547,-9.967,-0.587,-11.547
4104.800,0.992,-0.081,0.001,0.100,91,101,59,71,16,0,31,53,0,0.000,0,0,159.530,0.545,-152.240,43.460,19.600,-0.047,0.170,1.199,-0.342,-0.424,-0.410,0.000,0.000,0.000,0.000,0,0,0,0,7,255,0,250,0,0,-9.205,-0.784,-11.414,-9.205,-0.784,-11.414
4109.799,0.993,-0.073,0.001,0.096,61,88,55,69,55,0,39,10,0,0.000,0,0,193.936,0.862,-175.860,-16.480,80.080,-0.058,-0.031,0.804,-0.750,-0.424,-1.688,0.000,0.000,0.000,0.000,0,0,0,0,7,255,0,250,0,0,-8.328,-0.640,-11.031,-8.328,-0.640,-11.031
4114.799,0.994,-0.064,-0.000,0.092,77,103,53,57,25,0,43,43,0,0.000,0,0,219.888,0.769,-195.440,27.580,96.920,-0.107,0.153,1.152,-0.750,-0.172,1.600,0.000,0.000,0.000,0.000,0,0,0,0,7,255,0,250,0,0,-7.354,-0.710,-10.532,-7.354,-0.710,-10.532
4119.799,0.995,-0.054,-0.001,0.087,55,97,53,53,55,0,39,9,0,0.000,0,0,267.461,0.771,-236.220,2.260,125.420,-0.050,0.057,0.763,-0.750,-0.180,-2.042,0.000,0.000,0.000,0.000,0,0,0,0,7,255,0,250,0,0,-6.178,-0.647,-9.908,-6.178,-0.647,-9.908
4124.799,0.996,-0.042,-0.002,0.081,52,75,75,61,18,0,57,51,0,0.000,0,0,310.815,0.682,-278.400,4.700,138.120,-0.096,0.197,1.121,-0.650,0.206,1.316,0.000,0.000,0.000,0.000,0,0,0,0,7,255,0,250,0,0,-4.791,-0.603,-9.218,-4.791,-0.603,-9.218
4129.799,0.997,-0.028,-0.002,0.074,84,89,54,63,14,0,35,43,0,0.000,0,0,351.253,1.024,-315.740,-11.180,153.500,-0.061,0.139,0.908,-0.442,0.924,-0.834,0.000,0.000,0.000,0.000,0,0,0,0,7,255,0,250,0,0,-3.218,-0.493,-8.457,-3.218,-0.493,-8.457
4134.799,0.998,-0.014,-0.002,0.067,85,89,47,93,18,0,33,31,0,0.000,0,0,366.938,1.271,-325.320,-25.700,167.780,-0.093,0.227,1.311,-0.586,1.128,1.316,0.000,0.000,0.000,0.000,0,0,0,0,7,255,0,250,0,0,-1.595,-0.329,-7.624,-1.595,-0.329,-7.624
4139.799,0.998,-0.011,-0.001,0.062,88,87,75,71,11,1,33,41,0,0.000,0,0,139.379,1.001,-78.320,-26.860,112.120,0.101,-0.008,1.013,-0.384,0.924,0.118,0.000,0.000,0.000,0.000,0,0,0,0,7,255,0,250,0,0,-1.203,-0.180,-7.067,-1.203,-0.180,-7.067
4144.800,0.998,-0.016,0.000,0.060,63,77,99,59,19,0,55,55,0,0.000,0,0,132.322,0.453,121.440,-18.620,49.140,0.027,-0.042,0.754,0.196,-0.408,0.118,0.000,0.000,0.000,0.000,0,0,0,0,7,255,0,250,0,0,-1.809,-0.080,-6.824,-1.809,-0.080,-6.824
4149.799,0.998,-0.014,-0.002,0.056,87,73,83,63,25,0,61,69,0,0.000,0,0,100.113,1.084,-42.500,45.460,78.420,0.115,-0.264,1.286,0.854,-0.668,0.118,0.000,0.000,0.000,0.000,0,0,0,0,7,255,0,250,0,0,-1.595,-0.294,-6.425,-1.595,-0.294,-6.425
4154.799,0.998,-0.011,-0.002,0.054,48,85,89,41,29,0,54,24,0,0.000,0,0,82.892,0.696,-72.880,6.580,38.940,-0.099,-0.005,0.939,0.196,-0.668,-0.596,0.000,0.000,0.000,0.000,0,0,0,0,7,255,0,250,0,0,-1.229,-0.322,-6.230,-1.229,-0.322,-6.230
4159.799,0.998,-0.014,-0.002,0.055,58,73,99,45,21,0,69,33,0,0.000,0,0,73.155,2.225,72.200,-11.180,-3.720,-0.015,-0.208,0.688,-0.358,-2.196,-0.596,0.000,0.000,0.000,0.000,0,0,0,0,7,255,0,250,0,0,-1.588,-0.265,-6.250,-1.588,-0.265,-6.250
